-- --------------------------------------------------------
-- Host:                         127.0.0.1
-- Server version:               11.2.0-MariaDB - mariadb.org binary distribution
-- Server OS:                    Win64
-- HeidiSQL Version:             12.5.0.6677
-- --------------------------------------------------------

/*!40101 SET @OLD_CHARACTER_SET_CLIENT=@@CHARACTER_SET_CLIENT */;
/*!40101 SET NAMES utf8 */;
/*!50503 SET NAMES utf8mb4 */;
/*!40103 SET @OLD_TIME_ZONE=@@TIME_ZONE */;
/*!40103 SET TIME_ZONE='+00:00' */;
/*!40014 SET @OLD_FOREIGN_KEY_CHECKS=@@FOREIGN_KEY_CHECKS, FOREIGN_KEY_CHECKS=0 */;
/*!40101 SET @OLD_SQL_MODE=@@SQL_MODE, SQL_MODE='NO_AUTO_VALUE_ON_ZERO' */;
/*!40111 SET @OLD_SQL_NOTES=@@SQL_NOTES, SQL_NOTES=0 */;


-- Dumping database structure for works
CREATE DATABASE IF NOT EXISTS `works` /*!40100 DEFAULT CHARACTER SET latin1 COLLATE latin1_swedish_ci */;
USE `works`;

-- Dumping structure for table works.address
CREATE TABLE IF NOT EXISTS `address` (
  `id` bigint(20) NOT NULL AUTO_INCREMENT,
  `city` varchar(50) DEFAULT NULL,
  `country` varchar(255) DEFAULT NULL,
  `number` varchar(20) DEFAULT NULL,
  `street` varchar(150) DEFAULT NULL,
  `zipcode` varchar(7) DEFAULT NULL,
  PRIMARY KEY (`id`)
) ENGINE=InnoDB AUTO_INCREMENT=105 DEFAULT CHARSET=latin1 COLLATE=latin1_swedish_ci;

-- Dumping data for table works.address: ~30 rows (approximately)
REPLACE INTO `address` (`id`, `city`, `country`, `number`, `street`, `zipcode`) VALUES
	(1, 'South Alfonsobury', 'Falkland Islands (Malvinas)', '93', 'Torp Square', '7'),
	(2, 'New Carey', 'Suriname', '856', 'Cletus Trail', '67020'),
	(3, 'Conroyview', 'Guinea-Bissau', '649', 'Weimann Courts', '05591'),
	(4, 'West Loraleeland', 'Trinidad and Tobago', '64', 'Gusikowski Mall', '24116'),
	(5, 'Bonitaton', 'Albania', '615', 'Harber Junctions', '27128'),
	(6, 'O\'Connellport', 'Libyan Arab Jamahiriya', '31', 'Pfannerstill Circles', '59561'),
	(7, 'Abshirehaven', 'Antigua and Barbuda', '99', 'Jetta Fork', '60861'),
	(8, 'Lake Monika', 'South Georgia and the South Sandwich Islands', '195', 'Loni Road', '92300'),
	(9, 'New Jame', 'American Samoa', '687', 'Mauro Overpass', '97153'),
	(10, 'Port Kirbyton', 'Jamaica', '390', 'Padberg Flats', '72944'),
	(11, 'New Rikkishire', 'Georgia', '314', 'Jarrett Isle', '68899'),
	(12, 'North Basil', 'Netherlands', '250', 'Pfannerstill Ridge', '13118'),
	(13, 'Lake Lyndonport', 'Oman', '631', 'Wuckert Forks', '15837'),
	(14, 'Lake Mike', 'Estonia', '800', 'Rhea Highway', '33806'),
	(15, 'Port Damian', 'Kuwait', '491', 'Samuel Haven', '21013'),
	(16, 'West Octavioberg', 'Hong Kong', '648', 'Schaden Parks', '49883'),
	(17, 'Allenbury', 'Peru', '366', 'Cherly Junctions', '10409'),
	(18, 'Abernathyville', 'Kiribati', '783', 'Botsford Forges', '99208'),
	(19, 'Hectorfurt', 'Guinea', '859', 'Nicolas Plain', '87925'),
	(20, 'Tomasatown', 'Tunisia', '403', 'Douglass Forge', '71725'),
	(21, 'Wisozktown', 'Palau', '996', 'Prosacco Parkways', '80984'),
	(22, 'South Launaport', 'Burundi', '115', 'Maggio Common', '74230'),
	(23, 'Lake Marget', 'Kyrgyz Republic', '168', 'Chas Lane', '04604'),
	(24, 'Lake Marlinberg', 'Heard Island and McDonald Islands', '87', 'Bartoletti Fork', '77060'),
	(25, 'Lake Mickey', 'Brazil', '744', 'Melisa Burgs', '28522'),
	(26, 'Louieburgh', 'United Arab Emirates', '552', 'Normand Circles', '81003'),
	(27, 'East Horace', 'Saint Kitts and Nevis', '242', 'Ali Overpass', '78071'),
	(28, 'West Curtisport', 'Bolivia', '608', 'Brakus Street', '39779'),
	(29, 'Lake King', 'Peru', '629', 'Erdman Flat', '97671'),
	(30, 'Greenfeldershire', 'Peru', '60', 'Roob Roads', '22437'),
	(31, 'Yeeview', 'Western Sahara', '538', 'Edward Lock', '60067'),
	(32, 'Port Arielborough', 'Northern Mariana Islands', '280', 'Melodie Stravenue', '27215'),
	(33, 'Ricestad', 'Mali', '560', 'Quincy Passage', '62688'),
	(34, 'East Charleshaven', 'Republic of Korea', '963', 'Georgine Meadow', '46573'),
	(35, 'New Ethelyn', 'Republic of Korea', '439', 'Merry Flats', '13681'),
	(36, 'Clorindaview', 'Papua New Guinea', '827', 'Carlo Fields', '92218'),
	(37, 'Averyshire', 'Bulgaria', '211', 'Robby Islands', '05293'),
	(38, 'Mindiport', 'French Southern Territories', '635', 'Meredith Bypass', '65514'),
	(39, 'Randalltown', 'Republic of Korea', '191', 'Joey Throughway', '23574'),
	(40, 'Gregoryview', 'Guyana', '330', 'Eduardo Fields', '08318'),
	(41, 'Juliannchester', 'Albania', '414', 'Balistreri Expressway', '82824'),
	(42, 'Alizafurt', 'Saint Barthelemy', '21', 'Desirae Bypass', '76689'),
	(43, 'North Aubrey', 'Saudi Arabia', '582', 'Norris Forks', '12513'),
	(44, 'East Daniloburgh', 'Swaziland', '312', 'Hintz Port', '03920'),
	(45, 'Metzmouth', 'Botswana', '161', 'Hickle Rest', '30309'),
	(46, 'Port Evelyneland', 'Ukraine', '855', 'Sherise Unions', '38953'),
	(47, 'Port Lancebury', 'Andorra', '782', 'Anderson Flats', '88428'),
	(48, 'Pricillaburgh', 'Nicaragua', '763', 'Bins Springs', '74411'),
	(49, 'Daughertyland', 'Papua New Guinea', '825', 'Veum Stream', '42986'),
	(50, 'South Modestochester', 'Virgin Islands, U.S.', '844', 'Cleotilde Loop', '23534'),
	(51, 'South Brigid', 'Malawi', '459', 'Carmelo Shore', '56280'),
	(52, 'Kimberleeview', 'Japan', '998', 'Santa Greens', '68916'),
	(53, 'Ambrosefurt', 'Saint Lucia', '560', 'Kihn Hills', '60804'),
	(54, 'Sheilaburgh', 'Equatorial Guinea', '327', 'Bartell Stravenue', '52592'),
	(55, 'Lake Kendallborough', 'Saint Vincent and the Grenadines', '390', 'Mireille Station', '02618'),
	(56, 'North Signe', 'Ghana', '430', 'Deeanna Falls', '88783'),
	(57, 'Danielletown', 'Bulgaria', '683', 'Chance Dam', '72907'),
	(58, 'Lindgrenmouth', 'Latvia', '429', 'Mann Gateway', '44026'),
	(59, 'West Normand', 'Algeria', '759', 'Mitchell Drive', '94707'),
	(60, 'Scottyburgh', 'Congo', '566', 'Hauck Haven', '95354'),
	(61, 'Parkerton', 'Singapore', '296', 'Laureen Parkway', '58053'),
	(62, 'Dwightton', 'United Kingdom', '579', 'Wiza Bridge', '52526'),
	(63, 'Johnsonville', 'Maldives', '365', 'Lemke Drive', '30703'),
	(64, 'Houstonville', 'Switzerland', '89', 'Ebert Village', '57267'),
	(65, 'New Arielshire', 'Hong Kong', '302', 'Bednar Mountain', '20605'),
	(66, 'South Vicentaview', 'Lebanon', '832', 'Evelyn Rapids', '10557'),
	(67, 'East Carolaborough', 'Palau', '480', 'O\'Connell Via', '18419'),
	(68, 'Kenyattamouth', 'Sudan', '371', 'Crona Heights', '30706'),
	(69, 'Denisberg', 'Estonia', '127', 'Ferry Lakes', '53836'),
	(70, 'Port Amada', 'Argentina', '151', 'Emard Haven', '40489'),
	(71, 'East Shayne', 'Iraq', '286', 'Bogan Junction', '76300'),
	(72, 'South Armandoborough', 'Senegal', '739', 'Herzog Inlet', '25221'),
	(73, 'Buckridgebury', 'Mexico', '351', 'Bradly Village', '24824'),
	(74, 'South Donteberg', 'South Africa', '572', 'Lucila Burg', '00581'),
	(75, 'North Mechellehaven', 'Guam', '990', 'Willia Villages', '82752'),
	(76, 'Kshlerinmouth', 'Hong Kong', '29', 'Jc Tunnel', '68540'),
	(77, 'Port Aletheastad', 'Peru', '728', 'Jakubowski Walks', '94996'),
	(78, 'Olsonhaven', 'Sierra Leone', '553', 'Lisa Haven', '67382'),
	(79, 'North Janis', 'South Georgia and the South Sandwich Islands', '675', 'Alvin Course', '72431'),
	(80, 'Parkermouth', 'Georgia', '592', 'Lueilwitz Fork', '35365'),
	(81, 'Lake Alethia', 'Poland', '127', 'Kling Fork', '07522'),
	(82, 'Leeannaport', 'Equatorial Guinea', '571', 'Cronin Village', '86742'),
	(83, 'Juliuschester', 'Mexico', '96', 'Renae Stream', '86091'),
	(84, 'Emardbury', 'Timor-Leste', '792', 'Ashton Hollow', '72497'),
	(85, 'Port Josefinaberg', 'Bosnia and Herzegovina', '342', 'Parker Road', '87063'),
	(86, 'O\'Connershire', 'Holy See (Vatican City State)', '212', 'Mayer Canyon', '60801'),
	(87, 'Port Marilee', 'Bangladesh', '559', 'Stracke Station', '61964'),
	(88, 'South Demetrius', 'Ecuador', '143', 'Crooks Hollow', '88053'),
	(89, 'Lyleside', 'Ethiopia', '953', 'Bashirian Groves', '33542'),
	(90, 'Lake Elamouth', 'Saint Pierre and Miquelon', '274', 'Daniela Prairie', '36517'),
	(91, 'Handton', 'Equatorial Guinea', '803', 'Franecki Spring', '37088'),
	(92, 'Port Lucindaland', 'Austria', '755', 'Collins Port', '69897'),
	(93, 'Schambergerhaven', 'Equatorial Guinea', '647', 'Lindsay Lights', '57074'),
	(94, 'New Carolannhaven', 'Iceland', '838', 'Ciara Cliffs', '59884'),
	(95, 'Beierland', 'Mongolia', '100', 'Fausto Fork', '48839'),
	(96, 'Hesselfort', 'Democratic People\'s Republic of Korea', '37', 'Emmerich Groves', '05028'),
	(97, 'East Lupeville', 'Luxembourg', '690', 'Debbie Prairie', '30241'),
	(98, 'Ricardamouth', 'Falkland Islands (Malvinas)', '688', 'Kris Rue', '01182'),
	(99, 'Hartmannberg', 'Madagascar', '381', 'Weber Spring', '42442'),
	(100, 'Daughertyland', 'Congo', '489', 'Otto Via', '00384'),
	(101, 'Ho Chi Minh', 'Vietnam', '123', 'Nguyen Van Cu', '700000'),
	(102, 'Ha Noi', 'Vietnam', '456', 'Le Loi', '100000'),
	(103, 'Da Nang', 'Vietnam', '789', 'Tran Hung Dao', '500000'),
	(104, 'Ho Chi Minh', 'Vietnam', '101', 'Phan Dang Luu', '700100');

-- Dumping structure for table works.candidate
CREATE TABLE IF NOT EXISTS `candidate` (
  `id` bigint(20) NOT NULL AUTO_INCREMENT,
  `dob` date NOT NULL,
  `email` varchar(255) NOT NULL,
  `full_name` varchar(255) NOT NULL,
  `password` varchar(100) NOT NULL,
  `phone` varchar(15) NOT NULL,
  `role` enum('ADMIN','USER') NOT NULL,
  `status` bit(1) NOT NULL,
  `address` bigint(20) NOT NULL,
  PRIMARY KEY (`id`),
  UNIQUE KEY `UKqfut8ruekode092nlkipgl09g` (`email`),
  UNIQUE KEY `UKm8qhlm4wu215gr34dhxp0dour` (`address`),
  CONSTRAINT `FKa8gnyyhbb2qnhp94grci1n0o9` FOREIGN KEY (`address`) REFERENCES `address` (`id`)
) ENGINE=InnoDB AUTO_INCREMENT=101 DEFAULT CHARSET=latin1 COLLATE=latin1_swedish_ci;

-- Dumping data for table works.candidate: ~100 rows (approximately)
REPLACE INTO `candidate` (`id`, `dob`, `email`, `full_name`, `password`, `phone`, `role`, `status`, `address`) VALUES
	(1, '2002-12-14', 'sau.hagenes@hotmail.com', 'Marcie Stoltenberg', '2928x14u8q92g3', '(717) 624-6498', 'USER', b'1', 100),
	(2, '1996-12-14', 'kenisha.okeefe@gmail.com', 'Temple Bartell', 'hfywlc2xazculp', '(534) 506-8247', 'USER', b'1', 9),
	(3, '1990-12-14', 'kirby.ryan@hotmail.com', 'Jamaal Hessel', 'y88aj8ricd', '(730) 663-9143', 'USER', b'1', 29),
	(4, '1984-12-14', 'gary.purdy@gmail.com', 'Danuta Schamberger', '81ahgdl6u534', '(305) 831-8102', 'USER', b'1', 22),
	(5, '1967-12-14', 'idalia.lockman@yahoo.com', 'Lucretia Hudson Jr.', '75uh6egn9037', '(541) 490-3244', 'USER', b'1', 40),
	(6, '1977-12-14', 'lupe.lebsack@hotmail.com', 'Ms. Marcene Farrell', '04mk3na93', '(983) 490-5189', 'USER', b'1', 42),
	(7, '1982-12-14', 'leopoldo.nicolas@gmail.com', 'Garry Altenwerth', '29cwh0y9z1g', '(925) 351-4362', 'USER', b'1', 30),
	(8, '1970-12-14', 'theron.schimmel@yahoo.com', 'Chan Wisoky Sr.', 'krrq0a3rmx865xz6', '(505) 648-4288', 'USER', b'1', 76),
	(9, '1987-12-14', 'jenell.satterfield@yahoo.com', 'Candy Nader', '028n3kyc3ml', '(505) 430-7948', 'USER', b'1', 75),
	(10, '1986-12-14', 'sandy.steuber@hotmail.com', 'Miss Anthony Little', 'e6dj3byu8286p6dm', '(730) 684-0426', 'USER', b'1', 89),
	(11, '2003-12-14', 'geraldo.adams@hotmail.com', 'Claretha Fisher', '6f271w30j5y8', '(305) 203-7548', 'USER', b'1', 24),
	(12, '1982-12-14', 'theo.parker@hotmail.com', 'Tomi Auer', '538vrv24zyfa4nq', '(334) 621-4685', 'USER', b'1', 70),
	(13, '1983-12-14', 'bob.heller@yahoo.com', 'Ambrose Jacobs', 'wekj511394817l', '(730) 633-2353', 'USER', b'1', 6),
	(14, '1979-12-14', 'nicolas.bode@hotmail.com', 'Maxwell Dicki', 't27c21dkj06886c5', '(817) 300-5978', 'USER', b'1', 12),
	(15, '1985-12-14', 'bernardine.anderson@gmail.com', 'Geri Bailey', '0hx9bb93f', '(567) 676-2999', 'USER', b'1', 83),
	(16, '1991-12-14', 'claretha.lueilwitz@gmail.com', 'Dr. Cortez Weissnat', '708me9a0xdp4cq23', '(305) 203-2230', 'USER', b'1', 78),
	(17, '1990-12-14', 'ahmed.bernier@gmail.com', 'Taylor Ledner Sr.', '381rv5y8d8bp0', '(826) 296-2732', 'USER', b'1', 98),
	(18, '1970-12-14', 'booker.keeling@gmail.com', 'Shalanda McLaughlin', 'px2jq83e718', '(505) 648-6097', 'USER', b'1', 53),
	(19, '1969-12-14', 'willie.mante@gmail.com', 'Mr. Liane Gulgowski', 'i4qrg9e5', '(512) 961-3261', 'USER', b'1', 61),
	(20, '1989-12-14', 'chadwick.erdman@hotmail.com', 'Santina Jerde', 'xpg2xzx09', '(730) 688-1086', 'USER', b'1', 18),
	(21, '1965-12-14', 'kirstin.swaniawski@yahoo.com', 'Micah Hayes', '9lebmb59x2r', '(730) 602-0184', 'USER', b'1', 21),
	(22, '1977-12-14', 'sheryll.marquardt@hotmail.com', 'Gerard Schumm', '3315g4n4pii36', '(983) 280-7600', 'USER', b'1', 35),
	(23, '1997-12-14', 'tyler.grimes@gmail.com', 'Crista Kessler I', 'afqaaof3', '(730) 207-3830', 'USER', b'1', 60),
	(24, '1973-12-14', 'houston.bradtke@hotmail.com', 'Luetta Collins', '1lgt39eum2dqb6u', '(730) 210-8221', 'USER', b'1', 1),
	(25, '1981-12-14', 'abel.larkin@yahoo.com', 'Bernardina Weber MD', '9mi9lka486p', '(305) 252-4140', 'USER', b'1', 65),
	(26, '1968-12-14', 'scotty.runte@gmail.com', 'Tricia Blick', '2f1go1be97h8', '(983) 298-2275', 'USER', b'1', 88),
	(27, '1983-12-14', 'jere.fritsch@gmail.com', 'Georgie Lockman', '68h5cu3e41h7csd', '(678) 938-3687', 'USER', b'1', 13),
	(28, '1984-12-14', 'henry.pagac@hotmail.com', 'Salvatore Jaskolski', '73y715gy6318', '(505) 664-7868', 'USER', b'1', 91),
	(29, '1990-12-14', 'eve.cole@gmail.com', 'Adaline Hane DVM', 'b1y1738399n36t', '(458) 327-7041', 'USER', b'1', 25),
	(30, '1976-12-14', 'matha.hyatt@gmail.com', 'Barton Tromp DDS', 'uzatx572e8e42', '(305) 284-2347', 'USER', b'1', 26),
	(31, '1965-12-14', 'shyla.mitchell@gmail.com', 'Janene Corkery III', '58bu79cr158hj', '(363) 967-2944', 'USER', b'1', 27),
	(32, '1991-12-14', 'graham.jacobi@gmail.com', 'Dr. Gino Bauch', 'o7yx5z44i4ph', '(983) 972-1998', 'USER', b'1', 50),
	(33, '1975-12-14', 'crissy.erdman@hotmail.com', 'Noriko Lemke PhD', 't9s38l8764mm21j', '(730) 200-0856', 'USER', b'1', 97),
	(34, '1993-12-14', 'seth.funk@gmail.com', 'Theron Beer', '6dqb1495b', '(448) 242-4888', 'USER', b'1', 55),
	(35, '1991-12-14', 'santos.hill@gmail.com', 'Tony Gottlieb', '85d2jr2lz230l', '(305) 220-7427', 'USER', b'1', 96),
	(36, '1975-12-14', 'terrance.wuckert@hotmail.com', 'Sonny Haley', '001t47rgiwzha6pt', '(305) 417-9225', 'USER', b'1', 20),
	(37, '1977-12-14', 'jonathan.funk@yahoo.com', 'Hallie Boyle', 'gqipktm11k42', '(678) 788-6076', 'USER', b'1', 99),
	(38, '1978-12-14', 'jeffie.abbott@yahoo.com', 'Sheldon Stark V', '789j57t21', '(730) 665-7142', 'USER', b'1', 8),
	(39, '1974-12-14', 'leslie.oconner@yahoo.com', 'Ervin Kessler', '699109mk5m51zv', '(305) 722-2481', 'USER', b'1', 2),
	(40, '1980-12-14', 'mohamed.vandervort@gmail.com', 'Ms. Trinh Skiles', '52155zp97s', '(425) 975-4976', 'USER', b'1', 81),
	(41, '2003-12-14', 'santiago.stehr@yahoo.com', 'Patrica Bins DDS', '2dhxs2j3xmss6', '(305) 205-3615', 'USER', b'1', 11),
	(42, '1988-12-14', 'liane.gusikowski@yahoo.com', 'Desmond Hayes', 't8o5vanxs1', '(730) 223-3863', 'USER', b'1', 47),
	(43, '1977-12-14', 'lorita.hill@gmail.com', 'Lorette Johnston', '66n95l4h87rq', '(505) 644-5741', 'USER', b'1', 80),
	(44, '1975-12-14', 'christopher.connelly@yahoo.com', 'Marcie Hudson', 'g4e2jhm8', '(730) 240-8074', 'USER', b'1', 57),
	(45, '1972-12-14', 'mikel.hill@yahoo.com', 'Arthur Schinner', '3v76vov58g77s22', '(732) 319-1031', 'USER', b'1', 82),
	(46, '1994-12-14', 'cyril.oconner@hotmail.com', 'Ms. Jone Nader', '2w1l1tfclq2a03', '(730) 217-6351', 'USER', b'1', 43),
	(47, '1982-12-14', 'lino.spencer@yahoo.com', 'Tenesha Mayert', '12wb0zex', '(281) 575-5002', 'USER', b'1', 95),
	(48, '1985-12-14', 'laticia.mclaughlin@hotmail.com', 'Wilton Sipes', 'i67o9ftu15pt8bm', '(681) 922-7054', 'USER', b'1', 92),
	(49, '1990-12-14', 'delmar.kemmer@gmail.com', 'Mr. Johnnie Moen', '1j3xczqz4a', '(730) 231-1521', 'USER', b'1', 44),
	(50, '1973-12-14', 'morgan.dicki@hotmail.com', 'Gregorio Abshire', '5pyka6e5g8n0wo', '(730) 661-5169', 'USER', b'1', 87),
	(51, '1966-12-14', 'reba.erdman@hotmail.com', 'Darius Hansen II', '35i9f2el6cr5hw5t', '(970) 384-7378', 'USER', b'1', 94),
	(52, '2003-12-14', 'lin.huel@gmail.com', 'Mrs. Vanda Schaefer', '379c02p2i7', '(305) 201-5986', 'USER', b'1', 64),
	(53, '1970-12-14', 'isaura.fritsch@gmail.com', 'Timothy Corwin', '046o0lkd0', '(520) 288-9183', 'USER', b'1', 39),
	(54, '1965-12-14', 'ozie.gleichner@yahoo.com', 'Lang Wisozk', 'rg039cn8', '(380) 545-0965', 'USER', b'1', 34),
	(55, '1996-12-14', 'gail.beer@yahoo.com', 'Tomas Rodriguez DVM', 'qi1e2amu5spo', '(720) 956-4307', 'USER', b'1', 19),
	(56, '2002-12-14', 'hiedi.runte@hotmail.com', 'Sung Gislason', '93vg3l0397xv', '(929) 460-9927', 'USER', b'1', 38),
	(57, '1986-12-14', 'leanne.hahn@hotmail.com', 'Ramon Marvin', '4qa2psxljw88v6d', '(270) 762-8146', 'USER', b'1', 86),
	(58, '1999-12-14', 'jamal.zieme@yahoo.com', 'Kelley Carroll', 't695b9130z', '(305) 202-2544', 'USER', b'1', 10),
	(59, '1976-12-14', 'julene.zemlak@hotmail.com', 'Mrs. Gilberto Corkery', '29vz4c03110ldec7', '(305) 324-6039', 'USER', b'1', 37),
	(60, '1987-12-14', 'modesto.weissnat@hotmail.com', 'Donette Gorczany PhD', 'w7u1vx1f', '(541) 381-7987', 'USER', b'1', 73),
	(61, '1970-12-14', 'arthur.durgan@yahoo.com', 'Jeremiah Howe', 'l8382c3i2', '(983) 734-4362', 'USER', b'1', 49),
	(62, '1995-12-14', 'ching.ziemann@yahoo.com', 'Faustino Wolf', 'fw105cj4vl76108', '(305) 479-4844', 'USER', b'1', 77),
	(63, '2002-12-14', 'luigi.morissette@gmail.com', 'Casey Runolfsdottir', '2y2k212j91dr', '(305) 296-6607', 'USER', b'1', 90),
	(64, '1995-12-14', 'simon.beier@gmail.com', 'Phyllis Robel IV', '3p172k7w85', '(730) 219-7784', 'USER', b'1', 71),
	(65, '1994-12-14', 'corinna.heidenreich@yahoo.com', 'Alisha Mayert', '5361w6617cg043b7', '(410) 802-0359', 'USER', b'1', 31),
	(66, '1999-12-14', 'gilberto.greenfelder@yahoo.com', 'Miss Bo Macejkovic', 'umlkasgs8', '(730) 211-8314', 'USER', b'1', 36),
	(67, '1974-12-14', 'curt.pfannerstill@gmail.com', 'Merlyn Considine', 'a30q9r7w40qp', '(505) 558-7072', 'USER', b'1', 32),
	(68, '1999-12-14', 'lovella.kuhic@hotmail.com', 'Emanuel Lynch IV', 'hmx96uix6l', '(423) 763-3126', 'USER', b'1', 33),
	(69, '1995-12-14', 'erwin.marks@hotmail.com', 'Tyron Daugherty IV', 'o226afi96nhp4kfj', '(730) 210-9244', 'USER', b'1', 67),
	(70, '1997-12-14', 'stefany.terry@yahoo.com', 'Michal Hintz DVM', '2o5r22jhaman', '(240) 308-1845', 'USER', b'1', 14),
	(71, '1970-12-14', 'lyman.lueilwitz@yahoo.com', 'Marvin Monahan Sr.', '59397h4vyo00', '(472) 448-7936', 'USER', b'1', 84),
	(72, '1998-12-14', 'jackqueline.schimmel@yahoo.com', 'Jamie Sawayn', 'b3392ic79xm17p', '(730) 654-9498', 'USER', b'1', 4),
	(73, '1977-12-14', 'brigitte.lubowitz@gmail.com', 'Melani Olson', 'w0c4ws5l0n', '(472) 255-7781', 'USER', b'1', 62),
	(74, '1992-12-14', 'gwenn.purdy@hotmail.com', 'Treasa Marquardt', 'ah8e87o62e3t3625', '(229) 754-2856', 'USER', b'1', 85),
	(75, '1969-12-14', 'octavio.champlin@gmail.com', 'Dr. Everette Schroeder', 'kjjk0lut7', '(505) 794-1444', 'USER', b'1', 59),
	(76, '1981-12-14', 'trenton.kunde@hotmail.com', 'Krystyna Funk I', '66015p3e', '(472) 228-8356', 'USER', b'1', 48),
	(77, '2002-12-14', 'daniel.hirthe@hotmail.com', 'Sherryl Rogahn', 'ai4huh21681u59', '(267) 782-7577', 'USER', b'1', 16),
	(78, '1968-12-14', 'christian.hackett@yahoo.com', 'Hiram Corwin', 'dbieyas8', '(472) 421-5798', 'USER', b'1', 93),
	(79, '1992-12-14', 'arthur.zieme@hotmail.com', 'Ms. Lizzie Hintz', 'qvtpw702v1t9', '(662) 631-5571', 'USER', b'1', 56),
	(80, '1975-12-14', 'glen.dickens@hotmail.com', 'Russel King', '15mjsm3qnr', '(585) 565-7461', 'USER', b'1', 69),
	(81, '1985-12-14', 'ivy.strosin@hotmail.com', 'Ellen Cormier II', 'n03g9joqqj8', '(730) 235-4482', 'USER', b'1', 7),
	(82, '1974-12-14', 'teressa.johns@gmail.com', 'Miss Ute Gibson', '9f611h82yku', '(505) 657-6897', 'USER', b'1', 66),
	(83, '1973-12-14', 'shad.beer@hotmail.com', 'Jamar Goldner', '823329o8dv0881r', '(240) 881-1352', 'USER', b'1', 5),
	(84, '1997-12-14', 'vincenzo.cole@gmail.com', 'Boyd Kutch', 'xb54g0xou7', '(305) 200-1049', 'USER', b'1', 15),
	(85, '1981-12-14', 'shawnee.zieme@yahoo.com', 'Princess Armstrong', 'lci6jwy7l97', '(305) 597-4130', 'USER', b'1', 63),
	(86, '1996-12-14', 'bryant.monahan@hotmail.com', 'Robin Steuber', 'y5134484z6wg', '(763) 637-6714', 'USER', b'1', 23),
	(87, '2003-12-14', 'hilton.predovic@yahoo.com', 'Aron Kris', 'a236yr93', '(505) 889-2418', 'USER', b'1', 54),
	(88, '1983-12-14', 'arturo.muller@gmail.com', 'Kenton Schumm', 'p0goaxqw22a83z54', '(730) 217-1739', 'USER', b'1', 46),
	(89, '1996-12-14', 'major.lueilwitz@yahoo.com', 'Arleen Lesch MD', 'vn5q93qll', '(505) 713-1000', 'USER', b'1', 79),
	(90, '1992-12-14', 'samual.labadie@gmail.com', 'Emiko Mills', '13m1y7f1x', '(505) 819-9183', 'USER', b'1', 52),
	(91, '1991-12-14', 'carol.spinka@yahoo.com', 'Guy Lockman', 'k2hlfb6f2j', '(730) 233-9805', 'USER', b'1', 58),
	(92, '1977-12-14', 'sherman.yundt@yahoo.com', 'Donte Wisozk', 'hm5k12k0u', '(505) 766-2611', 'USER', b'1', 72),
	(93, '1990-12-14', 'sharie.erdman@hotmail.com', 'Otis Nitzsche', '9b4o2ecne88g382', '(805) 234-5347', 'USER', b'1', 28),
	(94, '1994-12-14', 'linn.turcotte@hotmail.com', 'Demarcus Kemmer', 'x1u8mtkcn91c6l', '(730) 218-3146', 'USER', b'1', 45),
	(95, '1969-12-14', 'pete.runte@gmail.com', 'Mae Bernier', '9240wkfu205q6174', '(472) 405-6633', 'USER', b'1', 41),
	(96, '1978-12-14', 'santiago.schroeder@gmail.com', 'Dalila Kunze II', 'jt8zt5tdc55', '(828) 801-3187', 'USER', b'1', 68),
	(97, '1979-12-14', 'dacia.braun@hotmail.com', 'Mrs. Darius Torphy', 'fmtycxawlf2xz5o', '(930) 277-5629', 'USER', b'1', 17),
	(98, '1989-12-14', 'melania.okeefe@gmail.com', 'Dr. Wally Lebsack', 'h2872757w2ax80', '(983) 774-0185', 'USER', b'1', 74),
	(99, '1982-12-14', 'mellissa.farrell@yahoo.com', 'Sanford Farrell', '5nci9xmp', '(305) 225-8435', 'USER', b'1', 3),
	(100, '1992-12-14', 'bella.koelpin@yahoo.com', 'Arlie Koss', '11s9qzp604om3', '(645) 983-5156', 'USER', b'1', 51);

-- Dumping structure for table works.candidate_skill
CREATE TABLE IF NOT EXISTS `candidate_skill` (
  `more_infos` varchar(1000) DEFAULT NULL,
  `skill_level` enum('ADVANCED','BEGINER','IMTERMEDIATE','MASTER','PROFESSIONAL') NOT NULL,
  `skill_id` bigint(20) NOT NULL,
  `can_id` bigint(20) NOT NULL,
  PRIMARY KEY (`can_id`,`skill_id`),
  KEY `FKb7cxhiqhcah7c20a2cdlvr1f8` (`skill_id`),
  CONSTRAINT `FKb0m5tm3fi0upa3b3kjx3vrlxs` FOREIGN KEY (`can_id`) REFERENCES `candidate` (`id`),
  CONSTRAINT `FKb7cxhiqhcah7c20a2cdlvr1f8` FOREIGN KEY (`skill_id`) REFERENCES `skill` (`skill_id`)
) ENGINE=InnoDB DEFAULT CHARSET=latin1 COLLATE=latin1_swedish_ci;

-- Dumping data for table works.candidate_skill: ~197 rows (approximately)
REPLACE INTO `candidate_skill` (`more_infos`, `skill_level`, `skill_id`, `can_id`) VALUES
	('nice game', 'ADVANCED', 16, 2),
	('Incidunt odit velit ullam.', 'PROFESSIONAL', 12, 4),
	('Inventore quae expedita expedita porro expedita itaque incidunt.', 'IMTERMEDIATE', 29, 4),
	('Eos magnam laborum nesciunt pariatur.', 'ADVANCED', 31, 4),
	('Quidem rem beatae vero.', 'PROFESSIONAL', 7, 5),
	('Odit incidunt doloremque facere repellat illum modi.', 'ADVANCED', 18, 6),
	('Totam animi praesentium libero impedit.', 'IMTERMEDIATE', 31, 6),
	('Molestias necessitatibus expedita eius.', 'IMTERMEDIATE', 31, 7),
	('Neque cupiditate laborum repudiandae fuga.', 'ADVANCED', 14, 8),
	('Est occaecati hic sequi.', 'PROFESSIONAL', 7, 9),
	('Nisi possimus qui modi nemo.', 'MASTER', 22, 9),
	('Cumque provident maiores non dolor.', 'ADVANCED', 35, 9),
	('Inventore asperiores voluptatibus doloremque animi soluta.', 'IMTERMEDIATE', 4, 10),
	('Harum exercitationem nam maxime.', 'PROFESSIONAL', 32, 10),
	('Ut eaque blanditiis sit voluptatem.', 'ADVANCED', 7, 11),
	('Impedit nam cupiditate enim.', 'PROFESSIONAL', 9, 11),
	('Praesentium non veniam.', 'PROFESSIONAL', 50, 11),
	('Ipsa blanditiis amet.', 'BEGINER', 26, 12),
	('Nam exercitationem facilis perspiciatis fuga ullam exercitationem architecto.', 'MASTER', 30, 12),
	('Pariatur recusandae vitae quisquam.', 'BEGINER', 8, 13),
	('Explicabo tempora vel impedit officia harum quia.', 'ADVANCED', 13, 13),
	('Laudantium sapiente fugiat excepturi perferendis voluptatem distinctio.', 'IMTERMEDIATE', 11, 14),
	('Repellendus iste totam accusamus provident similique alias autem.', 'IMTERMEDIATE', 30, 14),
	('Alias aspernatur at praesentium vel id tempore rerum.', 'MASTER', 33, 14),
	('Fugiat tempore dolorum rerum sed voluptatum.', 'BEGINER', 13, 15),
	('Ex aliquam ad accusantium deleniti laborum.', 'ADVANCED', 14, 15),
	('Reiciendis inventore architecto maiores nostrum quo a.', 'PROFESSIONAL', 30, 16),
	('Ducimus tenetur voluptatum.', 'BEGINER', 40, 16),
	('Reprehenderit itaque minima soluta debitis maiores nisi.', 'MASTER', 5, 17),
	('Vel molestias sequi corporis architecto.', 'ADVANCED', 10, 18),
	('Maiores maxime et velit iste non.', 'ADVANCED', 22, 19),
	('Quis asperiores omnis.', 'IMTERMEDIATE', 15, 20),
	('Dolorum ut aspernatur sed.', 'PROFESSIONAL', 1, 21),
	('Culpa rerum autem ullam.', 'ADVANCED', 6, 21),
	('Provident recusandae molestias officiis vel.', 'PROFESSIONAL', 34, 21),
	('Ullam inventore facere vero ut id praesentium iure.', 'MASTER', 16, 22),
	('Architecto facere laborum.', 'PROFESSIONAL', 49, 22),
	('Odit aperiam quisquam odio ipsum.', 'ADVANCED', 1, 23),
	('Sunt vero architecto repellendus eum sed laborum debitis.', 'PROFESSIONAL', 19, 24),
	('Ipsam exercitationem veniam.', 'IMTERMEDIATE', 25, 24),
	('Rem soluta ex architecto.', 'MASTER', 20, 25),
	('Similique dolores quasi minus quo deserunt in expedita.', 'IMTERMEDIATE', 43, 26),
	('Doloremque nulla quod voluptas eos.', 'BEGINER', 47, 26),
	('Ipsum vitae assumenda molestiae pariatur ad aliquid.', 'BEGINER', 35, 27),
	('Tempora in corporis illum illum facilis excepturi nisi.', 'ADVANCED', 36, 27),
	('Libero at nostrum nulla minus suscipit.', 'ADVANCED', 17, 28),
	('Deserunt optio ipsa eius quaerat corporis quidem recusandae.', 'MASTER', 41, 28),
	('Voluptate quidem provident harum officiis rerum soluta incidunt.', 'MASTER', 7, 29),
	('Beatae veritatis quod doloribus sed.', 'ADVANCED', 36, 29),
	('Quia omnis sed molestias assumenda necessitatibus inventore quis.', 'PROFESSIONAL', 8, 30),
	('Ratione deserunt adipisci nulla porro dolore quidem doloribus.', 'MASTER', 37, 30),
	('Aut officia quae.', 'ADVANCED', 48, 30),
	('Iusto dolor iste accusamus doloribus voluptatum.', 'ADVANCED', 1, 31),
	('Nam odit quia non veniam accusantium.', 'MASTER', 6, 32),
	('Libero ex dicta nihil nulla dolores debitis.', 'ADVANCED', 36, 32),
	('Illum illum praesentium itaque soluta optio.', 'PROFESSIONAL', 44, 32),
	('Commodi fugiat repellat.', 'MASTER', 6, 33),
	('Esse reprehenderit labore voluptas mollitia autem accusamus.', 'BEGINER', 7, 33),
	('Suscipit sapiente suscipit reiciendis hic id quis similique.', 'PROFESSIONAL', 10, 34),
	('Est magni enim.', 'BEGINER', 33, 34),
	('Facilis natus perferendis labore impedit repellendus suscipit.', 'ADVANCED', 36, 34),
	('Qui omnis optio odio.', 'BEGINER', 6, 35),
	('Explicabo quas odio laboriosam.', 'ADVANCED', 48, 35),
	('Voluptate corrupti ut officia aliquid repellendus laborum.', 'BEGINER', 9, 36),
	('Voluptatum reiciendis sint voluptatibus animi minus labore ullam.', 'MASTER', 23, 36),
	('Repellendus iure nisi.', 'PROFESSIONAL', 35, 36),
	('Deserunt quia numquam blanditiis nulla soluta quam.', 'PROFESSIONAL', 46, 37),
	('Dignissimos iure nisi consectetur.', 'ADVANCED', 27, 38),
	('Voluptatum exercitationem ullam.', 'IMTERMEDIATE', 29, 38),
	('Rem provident in ab.', 'ADVANCED', 43, 38),
	('Labore atque consequuntur possimus quasi quaerat.', 'PROFESSIONAL', 3, 39),
	('Optio eum dolorem delectus.', 'IMTERMEDIATE', 17, 39),
	('Eum quas quidem perferendis facere.', 'MASTER', 42, 39),
	('Natus at laboriosam laborum praesentium nulla.', 'BEGINER', 34, 40),
	('Pariatur magnam error magni nobis.', 'PROFESSIONAL', 35, 40),
	('Doloremque hic laborum.', 'BEGINER', 17, 41),
	('Expedita fuga ipsum quam nemo nemo sed et.', 'ADVANCED', 31, 41),
	('Sunt quaerat reiciendis architecto.', 'PROFESSIONAL', 43, 42),
	('Corrupti dolor fugiat quam dicta sit.', 'IMTERMEDIATE', 3, 43),
	('Repellat quia veniam neque accusamus reprehenderit exercitationem ipsa.', 'PROFESSIONAL', 4, 44),
	('Vitae voluptas eaque ducimus.', 'PROFESSIONAL', 30, 44),
	('Aspernatur ipsum iure iure eius dolor quae quod.', 'IMTERMEDIATE', 11, 45),
	('Nisi debitis doloremque qui modi possimus placeat illum.', 'BEGINER', 32, 46),
	('Laborum placeat molestiae ipsa.', 'ADVANCED', 35, 46),
	('Qui reiciendis quo quae sunt minus odio necessitatibus.', 'ADVANCED', 14, 47),
	('Architecto iste quibusdam blanditiis doloribus magni.', 'IMTERMEDIATE', 20, 47),
	('Atque iste sequi facere animi explicabo porro ipsa.', 'IMTERMEDIATE', 15, 48),
	('Odit laborum praesentium temporibus.', 'PROFESSIONAL', 21, 48),
	('Autem repudiandae occaecati.', 'ADVANCED', 30, 48),
	('Fugit quam dignissimos.', 'PROFESSIONAL', 24, 49),
	('Suscipit officia soluta cum ea est.', 'BEGINER', 34, 49),
	('Maiores harum inventore.', 'MASTER', 22, 50),
	('Temporibus sed cupiditate dicta.', 'PROFESSIONAL', 22, 51),
	('Molestias incidunt provident dignissimos itaque perferendis voluptatum.', 'ADVANCED', 25, 51),
	('Deleniti molestiae at optio amet ducimus architecto magnam.', 'ADVANCED', 2, 52),
	('Eligendi error repellat culpa adipisci dolores reprehenderit aspernatur.', 'ADVANCED', 47, 52),
	('Voluptate facere quasi quisquam consectetur dolore aut repellat.', 'PROFESSIONAL', 12, 53),
	('Dolor rerum vero eveniet ipsam quod.', 'BEGINER', 19, 53),
	('Explicabo placeat laudantium excepturi libero.', 'IMTERMEDIATE', 23, 53),
	('Quasi similique autem sapiente tenetur.', 'PROFESSIONAL', 8, 54),
	('Nostrum tenetur repellendus architecto consequuntur asperiores.', 'MASTER', 15, 54),
	('Laboriosam incidunt exercitationem nesciunt similique non.', 'BEGINER', 2, 55),
	('Voluptatem fugit nesciunt fugiat animi nesciunt.', 'MASTER', 14, 55),
	('Vel nihil blanditiis maiores expedita incidunt vel accusamus.', 'ADVANCED', 43, 55),
	('Repellendus nostrum aut sapiente asperiores modi at.', 'IMTERMEDIATE', 47, 56),
	('Impedit fugiat minima ipsam.', 'BEGINER', 15, 57),
	('Perferendis blanditiis sint inventore rem repellendus.', 'ADVANCED', 45, 57),
	('Mollitia alias vero assumenda.', 'IMTERMEDIATE', 19, 58),
	('Neque architecto soluta corporis hic repellendus.', 'MASTER', 39, 59),
	('Delectus eveniet mollitia fuga possimus.', 'MASTER', 1, 60),
	('Id repellendus pariatur vel tempore.', 'ADVANCED', 25, 60),
	('Repellat repudiandae corrupti maxime adipisci quidem quas.', 'ADVANCED', 41, 60),
	('Velit omnis voluptate culpa quasi.', 'IMTERMEDIATE', 20, 61),
	('Voluptates molestiae iusto illo autem blanditiis omnis dolorem.', 'ADVANCED', 33, 61),
	('Ut eaque eligendi vitae aliquam.', 'BEGINER', 46, 61),
	('Adipisci molestiae eveniet.', 'PROFESSIONAL', 9, 62),
	('Voluptatem veritatis alias distinctio consectetur aliquam nihil vel.', 'ADVANCED', 46, 62),
	('Nam est numquam.', 'MASTER', 22, 63),
	('Praesentium placeat iusto.', 'MASTER', 25, 63),
	('Quo aspernatur ratione.', 'IMTERMEDIATE', 38, 63),
	('Ab incidunt expedita officia possimus quis ullam perspiciatis.', 'BEGINER', 48, 64),
	('Rerum deserunt hic fugiat.', 'ADVANCED', 6, 65),
	('Eaque ratione consectetur animi et nisi amet.', 'PROFESSIONAL', 50, 65),
	('Temporibus sed culpa alias mollitia dolor.', 'ADVANCED', 33, 66),
	('Nostrum assumenda fugiat officia.', 'IMTERMEDIATE', 40, 66),
	('Sequi iste deserunt cum voluptatem.', 'ADVANCED', 17, 67),
	('Facilis voluptatem dolore architecto.', 'PROFESSIONAL', 41, 67),
	('Deserunt aliquam distinctio natus quia natus enim.', 'ADVANCED', 23, 68),
	('Rerum quis autem officia aliquid nihil.', 'MASTER', 50, 68),
	('Blanditiis consequuntur laboriosam necessitatibus.', 'IMTERMEDIATE', 48, 69),
	('Unde quibusdam consequatur animi nam.', 'BEGINER', 2, 70),
	('Modi officiis ea occaecati magni eligendi facere totam.', 'MASTER', 12, 70),
	('Quos cum debitis deserunt expedita.', 'BEGINER', 44, 70),
	('Quis minus molestias officiis cumque provident.', 'BEGINER', 24, 71),
	('Enim placeat qui sit accusantium.', 'MASTER', 25, 71),
	('Veniam aliquam deleniti in tenetur.', 'BEGINER', 50, 71),
	('Vitae iure adipisci.', 'BEGINER', 19, 72),
	('Sint nemo eius error asperiores rem quibusdam esse.', 'IMTERMEDIATE', 29, 72),
	('At aliquam dolorum at eligendi est.', 'ADVANCED', 50, 72),
	('Deserunt repellendus quisquam quod quasi iste itaque libero.', 'BEGINER', 1, 73),
	('Nulla beatae quam ducimus sequi blanditiis.', 'IMTERMEDIATE', 16, 74),
	('Fugiat voluptate nulla.', 'PROFESSIONAL', 25, 74),
	('Dolor officiis voluptatem odio quas nulla.', 'PROFESSIONAL', 27, 74),
	('Dolore eaque non necessitatibus sequi inventore tempora voluptatibus.', 'BEGINER', 10, 75),
	('Maiores quod itaque corrupti quas repellendus quasi.', 'BEGINER', 32, 75),
	('Voluptatum sed omnis.', 'IMTERMEDIATE', 4, 76),
	('Nam velit non esse reprehenderit dolor.', 'BEGINER', 35, 76),
	('Neque veniam illum dolorem sint quod ex aspernatur.', 'BEGINER', 6, 77),
	('Dignissimos cupiditate sapiente totam nemo doloremque eveniet.', 'ADVANCED', 22, 77),
	('Commodi dolore ipsa et aliquam reprehenderit.', 'MASTER', 36, 78),
	('Non officia quasi.', 'BEGINER', 47, 78),
	('Saepe delectus veritatis harum.', 'MASTER', 31, 79),
	('Illo aliquid culpa doloribus tempora officia ad animi.', 'BEGINER', 47, 79),
	('Voluptas eius quod.', 'MASTER', 29, 80),
	('Sed ex hic minus delectus sapiente.', 'MASTER', 50, 80),
	('Repudiandae voluptas sit corporis at enim nesciunt.', 'ADVANCED', 18, 81),
	('Omnis fuga quisquam voluptatem temporibus.', 'PROFESSIONAL', 39, 82),
	('Eveniet odio harum similique laborum magni possimus.', 'IMTERMEDIATE', 21, 83),
	('Magnam labore dignissimos tenetur enim officia aut saepe.', 'IMTERMEDIATE', 26, 84),
	('Laudantium esse distinctio enim.', 'PROFESSIONAL', 33, 84),
	('Adipisci ad fugit.', 'BEGINER', 37, 84),
	('Modi minima facere quidem quod incidunt et.', 'IMTERMEDIATE', 14, 85),
	('Eius rem saepe odit.', 'IMTERMEDIATE', 44, 85),
	('Ipsum sequi commodi magni hic nostrum dolorem.', 'MASTER', 5, 86),
	('Voluptas officiis error eos officiis vitae.', 'ADVANCED', 13, 86),
	('Laborum placeat amet recusandae.', 'MASTER', 36, 86),
	('Rerum quos fugit porro voluptates.', 'MASTER', 4, 87),
	('Sed aperiam incidunt perspiciatis nesciunt facere repudiandae.', 'BEGINER', 39, 88),
	('Nostrum quaerat hic nulla voluptatibus consequuntur sunt perferendis.', 'ADVANCED', 49, 89),
	('Provident dolore distinctio quia.', 'ADVANCED', 50, 89),
	('Ea perferendis voluptate magnam aut exercitationem omnis facere.', 'PROFESSIONAL', 24, 90),
	('Culpa quos possimus esse repellat impedit.', 'MASTER', 44, 90),
	('Reprehenderit alias quia quam molestias quidem.', 'MASTER', 28, 91),
	('Officiis nobis repellat quisquam quod.', 'BEGINER', 16, 92),
	('Facilis rerum sunt.', 'MASTER', 26, 92),
	('Ex aut eligendi.', 'PROFESSIONAL', 36, 92),
	('Placeat et omnis quo suscipit.', 'BEGINER', 24, 93),
	('Est doloremque officia doloremque illo neque quia.', 'PROFESSIONAL', 39, 93),
	('Magni quaerat cum.', 'PROFESSIONAL', 22, 94),
	('Esse pariatur blanditiis.', 'PROFESSIONAL', 49, 94),
	('Doloremque totam repudiandae.', 'IMTERMEDIATE', 19, 95),
	('Commodi facere tempore.', 'ADVANCED', 20, 95),
	('Saepe fugit quisquam modi repellat quis minima.', 'MASTER', 27, 95),
	('Dicta tenetur eos recusandae iure.', 'MASTER', 4, 96),
	('Similique eaque dolores hic.', 'PROFESSIONAL', 19, 96),
	('Nulla distinctio debitis hic voluptatum ipsam cupiditate.', 'BEGINER', 47, 96),
	('Vero quo impedit.', 'ADVANCED', 11, 97),
	('Debitis voluptatum assumenda nemo.', 'PROFESSIONAL', 44, 98),
	('Cum beatae autem ipsa omnis.', 'PROFESSIONAL', 12, 99),
	('Nostrum minus fugit nisi assumenda rem.', 'BEGINER', 28, 99),
	('Similique distinctio eos dolorem.', 'BEGINER', 50, 99),
	('Dolore delectus deserunt libero.', 'IMTERMEDIATE', 16, 100),
	('Suscipit facere provident ab minima corrupti vero.', 'MASTER', 20, 100),
	('Ratione distinctio eius porro maxime.', 'PROFESSIONAL', 22, 100);

-- Dumping structure for table works.company
CREATE TABLE IF NOT EXISTS `company` (
  `comp_id` bigint(20) NOT NULL AUTO_INCREMENT,
  `about` varchar(2000) DEFAULT NULL,
  `comp_name` varchar(255) NOT NULL,
  `email` varchar(255) NOT NULL,
  `phone` varchar(255) NOT NULL,
  `web_url` varchar(255) DEFAULT NULL,
  `address` bigint(20) NOT NULL,
  PRIMARY KEY (`comp_id`),
  UNIQUE KEY `UKrvp2hunsq4sgmpxe3a7i1ym3m` (`address`),
  CONSTRAINT `FKd5occp4cjwihejbxdbpvkp5tv` FOREIGN KEY (`address`) REFERENCES `address` (`id`)
) ENGINE=InnoDB AUTO_INCREMENT=101 DEFAULT CHARSET=latin1 COLLATE=latin1_swedish_ci;

-- Dumping data for table works.company: ~100 rows (approximately)
REPLACE INTO `company` (`comp_id`, `about`, `comp_name`, `email`, `phone`, `web_url`, `address`) VALUES
	(1, 'Voluptas nulla nihil tempore error deserunt aperiam. Repudiandae inventore rem ducimus. Necessitatibus magnam voluptatibus.', 'Lemke, Adams and Lubowitz', 'janel.reynolds@hotmail.com', '(305) 498-4091', 'https://www.joshua-von.info:44458/harum/officia?architecto=delectus&voluptatem=a#atque', 1),
	(2, 'Sit totam voluptate cum quae cupiditate neque. Odit aliquam praesentium. Laborum incidunt molestias quod dolore reprehenderit quam.', 'Brakus-Goodwin', 'jeannette.klein@yahoo.com', '(730) 621-8767', 'https://www.tonita-wiza.name/rerum/molestias#minus', 2),
	(3, 'Sequi facere non. Quidem fuga ipsam dolorum nihil quo aut consectetur. Eius consectetur voluptas ea maiores rerum vero nisi. Accusantium doloribus necessitatibus fuga. Voluptatem itaque ea quisquam nostrum voluptatem.', 'Christiansen Group', 'russel.frami@hotmail.com', '(730) 247-0973', 'https://www.mohamed-feil.org:53038/minus/teneturculpa#veniam', 3),
	(4, 'Laudantium doloremque earum ipsam. Et debitis esse mollitia ea repellendus. Tenetur amet alias quam tenetur molestias ex amet.', 'Rice, Kshlerin and Harber', 'malinda.gutmann@gmail.com', '(948) 501-5430', 'http://www.karl-kerluke.io:43488/?expedita=sapiente&ullam=ut', 4),
	(5, 'Sunt velit distinctio dolore. Non voluptas debitis sed dolorem. Repellendus voluptatibus sint illum ratione iure.', 'Hirthe LLC', 'marvel.haley@yahoo.com', '(730) 219-3839', 'https://www.kalyn-gulgowski.com/nesciunt?dignissimos=odit&repellat=quasi', 5),
	(6, 'Quae velit sapiente reprehenderit perspiciatis iusto ex. Cumque adipisci repellat eius perferendis. Minus quas molestias beatae voluptas.', 'Koepp, Abernathy and VonRueden', 'theda.lowe@gmail.com', '(839) 961-8070', 'https://www.celestina-daniel.org/ut/quos?doloribus=maiores&eum=provident', 6),
	(7, 'Quos veritatis nesciunt. Saepe veniam beatae mollitia enim nihil. Excepturi doloremque nihil eum fugit ratione aut.', 'Ruecker-Gusikowski', 'rhett.bartell@gmail.com', '(305) 623-9714', 'https://www.benny-schuppe.net:5890/ducimus#tempore', 7),
	(8, 'At totam aliquam voluptas. Saepe dicta consectetur cumque. Cupiditate minus doloremque. Tempora cumque consequuntur quo enim.', 'Willms-Schmitt', 'tawanda.rath@yahoo.com', '(283) 238-5033', 'http://www.tori-hammes.io/labore?perspiciatis=harum&possimus=tenetur', 8),
	(9, 'Esse error ullam beatae natus suscipit placeat. Tenetur nostrum nemo harum natus. Numquam excepturi ducimus eos numquam iusto accusamus. Alias nihil itaque rem aliquam.', 'Schinner-Krajcik', 'candice.block@yahoo.com', '(505) 218-1172', 'https://www.long-tillman.name/nesciunt/fugiat?porro=beatae&praesentium=voluptate', 9),
	(10, 'Voluptates laudantium dolor. Recusandae quos nemo hic ipsa necessitatibus. Explicabo possimus ipsam. Optio voluptatibus perferendis rem debitis fugiat alias perferendis. Animi nihil dolore dignissimos.', 'Orn LLC', 'georgetta.douglas@yahoo.com', '(231) 598-1882', 'https://www.chanelle-mann.name/amet?earum=possimus&facere=aliquid', 10),
	(11, 'Voluptatibus hic labore esse atque pariatur. Incidunt dicta architecto. Odio dolorum consectetur dolorum placeat dignissimos. Illo recusandae natus exercitationem inventore quisquam odio.', 'Schmitt LLC', 'elijah.stark@yahoo.com', '(983) 988-7731', 'https://www.heather-vonrueden.com:32132/officiis/estmodi#soluta', 11),
	(12, 'Neque ullam nemo provident. Ducimus ab nostrum. Dolore modi debitis quasi et eligendi vel.', 'Orn-Abernathy', 'randal.hegmann@gmail.com', '(505) 648-2073', 'https://www.lakeshia-hansen.com/ullam/ducimusaccusantium#laudantium', 12),
	(13, 'Possimus fugit nobis atque accusamus. Voluptate eveniet veritatis expedita deserunt. Non minus doloribus.', 'Cronin Inc', 'renato.aufderhar@hotmail.com', '(305) 208-3826', 'http://www.ashlie-rice.io:45754/nobis#et', 13),
	(14, 'Sequi odio vel doloremque nobis odit. Earum optio perferendis aperiam. Incidunt eos assumenda repellendus minima beatae eos illum.', 'Pfeffer-Leffler', 'eveline.farrell@gmail.com', '(730) 636-0470', 'https://www.arie-erdman.name/odio/errorid', 14),
	(15, 'Consequatur praesentium non sint consequuntur impedit. Iure aliquam molestias sapiente. Ipsa aliquid exercitationem maxime incidunt aliquam officiis ad. Tempore illum consequatur aspernatur saepe.', 'Nader, Pfeffer and Swaniawski', 'vanetta.green@yahoo.com', '(805) 829-2162', 'https://www.brendon-daugherty.net/eveniet?nulla=cupiditate&corrupti=consequuntur', 15),
	(16, 'Voluptates nobis veniam sunt illo officia saepe ab. Nesciunt necessitatibus soluta. Suscipit omnis iusto. Exercitationem cupiditate sed ad ex at eius. Repellendus deserunt eos veritatis ullam ad sequi distinctio.', 'Connelly-Keebler', 'bettina.oconner@hotmail.com', '(730) 639-5619', 'https://www.sophie-murray.name:61944/?assumenda=et&asperiores=mollitia#nobis', 16),
	(17, 'Qui cupiditate adipisci tenetur. In enim ratione. Occaecati iure quia nihil minima sint. Ipsum fugiat rerum quia labore neque nostrum.', 'Sauer Inc', 'amanda.schulist@yahoo.com', '(505) 837-9657', 'https://www.isiah-luettgen.io:13043/aliquid/voluptatibus?ad=natus&asperiores=dolore#mollitia', 17),
	(18, 'Repudiandae veniam dicta maiores repellendus. Magnam fuga ex reiciendis deserunt ipsa. Delectus alias ad vel velit quasi nulla temporibus. Minima iure minus illo harum est impedit. Esse omnis possimus iure ipsum.', 'Smith-Beatty', 'mari.mohr@yahoo.com', '(730) 249-8027', 'https://www.troy-lakin.org:1939/at/molestiae?sapiente=autem&libero=possimus', 18),
	(19, 'Numquam doloremque nesciunt. A tempore odio similique laboriosam quasi. Officiis eaque repudiandae consequuntur modi officiis.', 'Boyle, Auer and Satterfield', 'doug.frami@gmail.com', '(730) 248-8723', 'http://www.miguelina-adams.info:27304/ipsa/minimacum#dolorum', 19),
	(20, 'Maxime doloribus assumenda iusto vel dolorem dolorum. Impedit officia ad non natus. Sapiente fuga quisquam velit fugiat aliquam sequi. Error odio tempora illo.', 'Kuvalis, Cruickshank and Kihn', 'marco.schuppe@yahoo.com', '(479) 238-8621', 'https://www.marita-abernathy.biz:38607/doloribus/necessitatibusdoloribus?facilis=ut&facere=officia#in', 20),
	(21, 'Corrupti perspiciatis pariatur tempora. Quasi accusantium quis. Dicta corporis iure accusamus veritatis dignissimos impedit distinctio. Quis consectetur quae quos optio alias totam autem.', 'Denesik-Stoltenberg', 'jolie.cummerata@hotmail.com', '(983) 357-8441', 'https://www.curtis-considine.io/?ea=error&quidem=iure', 21),
	(22, 'Eveniet repellat voluptatibus accusantium nam saepe. Totam expedita veritatis odio voluptatem minima. Facilis doloribus inventore aperiam voluptatem. Voluptatibus ducimus veritatis dolor dolorem molestias ullam.', 'Jacobson, Fisher and Denesik', 'kate.anderson@gmail.com', '(505) 614-0293', 'http://www.vera-reichel.io:34919/ut/necessitatibus?temporibus=quam&nemo=laudantium#fugit', 22),
	(23, 'Earum temporibus sapiente quisquam animi maxime voluptates. Nemo culpa officia ab voluptas dolorum ab. Eum ea labore error accusantium.', 'Gulgowski, Schaefer and O\'Connell', 'bart.mckenzie@yahoo.com', '(983) 954-9084', 'https://www.alfred-lesch.org:32561/similique/maiores#commodi', 23),
	(24, 'Dolor maxime illum et cum nobis fugit odio. Qui minus saepe cupiditate. Perferendis ad veritatis quaerat. Voluptate fugit vitae similique impedit accusantium consequuntur quae. Illum maxime aperiam ducimus quidem cumque.', 'Koelpin-Rutherford', 'wilber.breitenberg@gmail.com', '(283) 903-2956', 'https://www.rob-bogisich.net:42994/consequatur/eumeligendi', 24),
	(25, 'Minus sequi reiciendis ducimus. Assumenda ab tenetur maxime placeat iste. Eum distinctio sed laboriosam quis placeat.', 'Davis LLC', 'maryjane.boehm@hotmail.com', '(878) 785-7634', 'http://www.noe-kohler.net:28945/placeat?ipsum=repellendus&at=rerum', 25),
	(26, 'Expedita harum ab officia delectus. Laudantium excepturi odit ullam maiores unde. Delectus praesentium voluptates exercitationem commodi consequuntur. Natus quas delectus animi itaque odit sint. Vel cumque quo quas porro ullam.', 'Lemke-Gibson', 'harlan.rutherford@gmail.com', '(575) 521-7608', 'https://www.sun-rippin.org/dolore?veritatis=delectus&distinctio=illo', 26),
	(27, 'Accusamus doloremque perferendis id quo. Iure voluptates itaque doloribus occaecati. Qui laborum totam animi veritatis recusandae tenetur. Accusamus explicabo architecto unde architecto.', 'Leuschke Inc', 'deja.grady@yahoo.com', '(330) 973-9105', 'https://www.eleanor-beatty.org:1863/', 27),
	(28, 'Esse error totam. Molestiae unde delectus doloribus dicta magnam. Dolor similique optio illum eum et beatae. Unde ad ducimus.', 'Bernier Group', 'maida.waters@gmail.com', '(505) 714-1355', 'http://www.garry-gulgowski.biz:1625/nulla#maiores', 28),
	(29, 'Porro ullam ea blanditiis perspiciatis dolorem adipisci incidunt. Earum saepe dicta soluta. Architecto ducimus impedit perferendis quasi. Dolores aperiam temporibus saepe occaecati.', 'Mitchell, Cremin and Kemmer', 'pat.carroll@gmail.com', '(505) 646-3976', 'http://www.jonah-schulist.biz:1614/', 29),
	(30, 'Dolores ipsum voluptate cumque ea officia inventore velit. Minima debitis animi occaecati cum rem voluptates. Numquam sapiente sequi architecto tempora. Mollitia corporis nesciunt distinctio suscipit debitis. Et ipsam quae fuga modi assumenda.', 'Rice-Keebler', 'twyla.funk@hotmail.com', '(505) 990-9901', 'http://www.percy-schaden.biz:4332/#recusandae', 30),
	(31, 'Quis qui placeat aliquid assumenda temporibus inventore nisi. Accusamus amet fuga earum ipsam ut. Aut consequuntur aperiam. Animi ipsum corrupti aliquid iusto magnam.', 'Aufderhar-Heaney', 'jone.considine@hotmail.com', '(472) 421-6007', 'https://www.darin-tremblay.org/similique/idconsequuntur?molestias=nostrum&ut=nesciunt#pariatur', 31),
	(32, 'Reprehenderit recusandae dicta aperiam. Accusantium magnam placeat. Distinctio minus itaque.', 'Sauer-Miller', 'marlin.conn@gmail.com', '(423) 403-4026', 'http://www.randal-steuber.biz/iste/similiquevelit#magnam', 32),
	(33, 'Deleniti cumque vitae rem aliquam tenetur dignissimos. Ipsum delectus quas nam deleniti similique tenetur. Libero quia ea voluptates. Libero quas quam maiores fugit.', 'Kunze, Wintheiser and Sawayn', 'marlyn.smitham@hotmail.com', '(305) 202-2098', 'https://www.darrick-trantow.org:39430/a#cupiditate', 33),
	(34, 'Magni enim cupiditate expedita. Accusantium perspiciatis fugit sed. Voluptatibus ipsam minima tenetur.', 'Erdman Group', 'samual.ohara@hotmail.com', '(708) 367-4777', 'https://www.flossie-blanda.info/architecto/sapiente', 34),
	(35, 'Reprehenderit doloribus ea. Delectus asperiores repudiandae asperiores iure et sint ad. Quaerat consequatur nihil sit.', 'Schuppe-Cassin', 'tequila.feil@hotmail.com', '(913) 372-0608', 'https://www.sherice-ebert.net/?magni=blanditiis&ipsa=a', 35),
	(36, 'Rerum repellendus libero laboriosam facere architecto sequi mollitia. Reiciendis ipsum ipsam unde. Dolores dolorum laborum unde quia voluptate quis. Officiis ipsam quisquam totam laborum sequi delectus delectus. Eum natus qui labore.', 'Nader-Berge', 'reggie.hahn@yahoo.com', '(305) 235-6352', 'https://www.farah-hermann.info:34888/sed/adipisciin', 36),
	(37, 'Nostrum aperiam esse repudiandae totam pariatur ad placeat. Eveniet in commodi sit dolores. Quasi iste libero laboriosam possimus perferendis magnam.', 'Hauck Inc', 'verda.jacobi@gmail.com', '(774) 896-3025', 'https://www.donovan-treutel.name:30921/ad/sintodio?minima=aspernatur&quis=perspiciatis#impedit', 37),
	(38, 'Quidem necessitatibus ut quam nisi ut animi libero. Dolorum et dolor veniam libero. Quis cumque consectetur perferendis ad tempora eius. Consequatur minus iste ratione veritatis.', 'Grady, Cole and Leffler', 'janella.feil@gmail.com', '(730) 677-9207', 'https://www.carmen-fahey.co:23176/#quo', 38),
	(39, 'Quia iste repellendus necessitatibus. Eaque impedit impedit nostrum ullam amet quasi et. Eos corrupti modi.', 'Heathcote, Adams and Jones', 'malika.hilpert@gmail.com', '(858) 747-6461', 'https://www.deanne-ohara.co/delectus/reprehenderit?perferendis=nesciunt&eius=accusantium', 39),
	(40, 'Sed cupiditate repudiandae. Culpa corporis aut explicabo tenetur perspiciatis earum. Animi iste dicta sint cumque harum quas libero. Temporibus quasi dolor est quam eos.', 'Gerlach-Ferry', 'jospeh.dare@hotmail.com', '(505) 619-0026', 'http://www.logan-grimes.io:46193/accusantium/voluptasconsectetur', 40),
	(41, 'Unde vero magni aperiam unde. Odit aliquid amet earum nulla exercitationem doloremque. Ex ad maiores tempore eveniet. Numquam eum tempora fugiat suscipit. Fugit illo necessitatibus qui ipsam saepe doloribus.', 'Berge and Sons', 'barbar.reichert@hotmail.com', '(480) 819-7377', 'https://www.moises-oconner.io/deleniti/quotempore#corporis', 41),
	(42, 'Esse eius reiciendis. Ipsum doloremque autem rerum veritatis ipsum. Quo sint in vero mollitia repellat eligendi. Labore dolores deleniti voluptate eos. Ipsam expedita sed libero sit.', 'Jacobi Inc', 'horacio.ziemann@hotmail.com', '(848) 501-1552', 'https://www.demarcus-windler.com/cupiditate/doloribusaccusamus#commodi', 42),
	(43, 'Voluptates architecto perspiciatis possimus dignissimos fuga. Nam hic optio dolore ipsum repudiandae reiciendis. Rerum tenetur ab quasi voluptas nulla. Dolor quidem qui provident mollitia alias.', 'Koss LLC', 'francie.lebsack@yahoo.com', '(810) 507-2644', 'https://www.johnathan-dietrich.org:41731/aperiam/assumenda?aut=molestiae&occaecati=quis#qui', 43),
	(44, 'Dolores et odio perferendis accusamus adipisci. Magni id ducimus magni explicabo ea. Natus saepe perspiciatis suscipit.', 'Feeney, Klein and Tromp', 'chris.schmeler@gmail.com', '(472) 233-1171', 'https://www.dan-kirlin.name:19780/neque/excepturi?nemo=impedit&et=vero#possimus', 44),
	(45, 'Dolorem temporibus aliquid error. Asperiores ea illum voluptatum odio error ab. Doloremque voluptas molestiae sequi delectus iste consequuntur. Deserunt provident debitis.', 'Bayer, Douglas and Nikolaus', 'illa.schiller@hotmail.com', '(730) 678-1244', 'https://www.babette-kuvalis.biz/quis/minimaplaceat?velit=sit&corporis=placeat#corporis', 45),
	(46, 'Id quas reiciendis incidunt at a voluptatibus. At in sint possimus perspiciatis. Eligendi facere quisquam veniam neque error reprehenderit. Voluptatum quia consequuntur molestias. Numquam libero quia eveniet itaque.', 'Greenfelder LLC', 'angeline.dietrich@yahoo.com', '(305) 956-5101', 'https://www.ward-tremblay.org/fugit/fuga', 46),
	(47, 'Sunt in accusamus. Perspiciatis animi eveniet repellat. Non quos dolor neque. Ducimus dolores sapiente. Voluptate magni odio.', 'Kemmer, Fahey and Harris', 'curtis.kutch@yahoo.com', '(505) 646-0730', 'https://www.tianna-koss.org:543/?fugit=consequatur&nihil=distinctio', 47),
	(48, 'Quos hic ratione. Distinctio id nihil et error natus doloribus animi. Perspiciatis magnam voluptatum ratione ipsum ducimus quibusdam. Eaque ullam animi aut culpa aspernatur doloribus.', 'Friesen-Luettgen', 'logan.farrell@gmail.com', '(505) 200-4514', 'https://www.rich-goyette.org:52748/amet/harum?quas=fuga&ducimus=quod', 48),
	(49, 'Neque odio blanditiis numquam facilis officia. Nulla distinctio ipsum voluptatibus. Vitae aperiam nihil ipsum iure ex. Modi provident quibusdam porro rerum eos sapiente tenetur. Ipsum ea consequatur magnam sed.', 'Schmidt LLC', 'hae.bins@yahoo.com', '(305) 206-5296', 'https://www.kirk-kemmer.info/officiis/eosquidem?rerum=non&corporis=magnam', 49),
	(50, 'Est perspiciatis pariatur natus minus atque atque occaecati. Enim aspernatur odio tempora numquam ratione. Ab quae reiciendis consectetur. Dignissimos ab ea quam dignissimos nisi deserunt.', 'Blick-Dickens', 'krysta.hegmann@gmail.com', '(983) 410-5413', 'https://www.jame-goyette.net/aut?porro=occaecati&fugit=facere', 50),
	(51, 'Non distinctio laudantium eligendi culpa. Perspiciatis dolores natus dolor totam optio repellat. Soluta quas qui id enim esse porro numquam.', 'Lehner-Stark', 'malisa.harvey@gmail.com', '(472) 449-8669', 'https://www.bradly-toy.net/eos/provident?eius=sit&nam=quae#numquam', 51),
	(52, 'Nostrum quasi soluta in iusto aliquam. Veritatis ipsam ipsa esse asperiores. Ipsum inventore voluptates expedita sit.', 'Bednar, Wolf and Reinger', 'celia.raynor@hotmail.com', '(730) 697-3847', 'https://www.edwardo-padberg.net:33221/eaque', 52),
	(53, 'Repellendus vitae culpa nihil. Nobis veritatis quibusdam quis tempora quasi. Explicabo autem autem quod laudantium impedit. Odio aliquid impedit.', 'Kertzmann, Murphy and Ward', 'lyndsay.hamill@hotmail.com', '(983) 217-4245', 'http://www.paz-nikolaus.net/#cumque', 53),
	(54, 'Placeat repudiandae qui rerum molestiae quas. Voluptas perspiciatis iusto facere quasi illo quis aspernatur. Blanditiis at quisquam impedit. Reprehenderit architecto exercitationem. Unde sint ad consequuntur vero atque.', 'D\'Amore-Raynor', 'ivana.howell@gmail.com', '(305) 676-6515', 'http://www.juliann-dickens.net:52686/sunt/dolores?ut=reiciendis&doloribus=esse', 54),
	(55, 'Possimus totam velit vitae culpa. Dolorum esse cumque architecto natus impedit. Dolorum iusto architecto amet. Beatae aspernatur ut.', 'Fritsch-Quitzon', 'shoshana.beer@yahoo.com', '(817) 261-5020', 'https://www.buford-strosin.com/architecto?ad=illum&illo=voluptate#occaecati', 55),
	(56, 'In id magnam nisi totam tenetur. Autem earum reprehenderit omnis. Laboriosam tenetur molestiae labore ea error. Rerum modi sed dolore necessitatibus.', 'Gusikowski and Sons', 'kareen.marvin@hotmail.com', '(730) 636-6210', 'https://www.dante-wehner.co/culpa?ducimus=minus&temporibus=deleniti', 56),
	(57, 'Est libero incidunt eum. Voluptates est accusamus pariatur voluptatum nesciunt. Rerum maiores sed non nobis nobis aliquam nihil. Molestiae officia commodi vitae in magnam.', 'Adams-Keebler', 'sona.ratke@hotmail.com', '(269) 206-2176', 'http://www.chang-moen.net:56672/necessitatibus/inventore?dignissimos=expedita&recusandae=corrupti', 57),
	(58, 'Voluptas distinctio excepturi alias. Et ipsum veritatis nemo optio fugiat eum ex. Quia nostrum iste sit hic minus nam. Dicta expedita aspernatur nam necessitatibus quae quisquam. Ratione eos dignissimos autem voluptate illo nulla aspernatur.', 'Jakubowski Inc', 'elmo.erdman@yahoo.com', '(781) 973-6874', 'https://www.velva-klocko.name:34310/reiciendis/ipsamdeleniti?ipsum=dolor&cumque=et#esse', 58),
	(59, 'Exercitationem doloribus tempore. Facilis id rerum reprehenderit sit ipsum. Cum qui debitis possimus laborum quis commodi.', 'Spencer, Satterfield and Huel', 'rosario.bashirian@yahoo.com', '(856) 448-6763', 'https://www.alysa-schamberger.name:54501/', 59),
	(60, 'Magni corporis aliquid voluptas debitis officiis suscipit quia. Accusantium exercitationem numquam. Sequi sapiente nobis architecto. Veritatis saepe vero illo voluptatem temporibus sequi. Vel deleniti iure maxime sed accusantium.', 'King Inc', 'alphonse.hahn@yahoo.com', '(730) 603-2086', 'https://www.felipe-carter.biz/?perferendis=quo&quae=ex', 60),
	(61, 'Quis accusamus eligendi corrupti. Consectetur voluptates ea amet ipsa. Culpa odio incidunt assumenda minus. Totam quasi delectus alias id veniam provident. Ab enim delectus.', 'D\'Amore, Grant and Carroll', 'francisca.turcotte@gmail.com', '(730) 656-8102', 'https://www.terrell-jacobs.co/#quae', 61),
	(62, 'Maxime asperiores repellat itaque asperiores illum dolorum facere. Quaerat sint culpa laudantium quaerat distinctio atque quisquam. Inventore optio repellat.', 'Rice, Leffler and Wolff', 'tommy.bernhard@hotmail.com', '(380) 416-3972', 'https://www.clair-carroll.net/', 62),
	(63, 'Repudiandae aut occaecati delectus adipisci. Perspiciatis excepturi odio voluptatem cumque animi. Beatae nam voluptatibus ullam hic.', 'Auer, Ferry and Bins', 'marcos.cummings@yahoo.com', '(472) 438-1127', 'https://www.dollie-rippin.biz:22686/?aliquam=facilis&consectetur=nulla', 63),
	(64, 'Laborum temporibus fuga vitae esse eligendi porro. A veritatis quos ipsam enim quam aspernatur perspiciatis. Quo illo officia repudiandae nemo. Omnis pariatur incidunt mollitia provident. Laudantium maiores aperiam sequi tempora corporis.', 'Corwin, Buckridge and Homenick', 'junior.bergnaum@yahoo.com', '(730) 632-5368', 'https://www.coralie-shanahan.net/#laborum', 64),
	(65, 'Hic quo iure. Dignissimos veritatis quos. Aperiam dicta optio.', 'Harber and Sons', 'elwood.quitzon@yahoo.com', '(730) 207-1181', 'https://www.alvera-mueller.info/deleniti/corporisvelit?eum=earum&fuga=aperiam#cum', 65),
	(66, 'Sint consequatur totam hic quas ipsam. Temporibus occaecati temporibus nemo ipsum id. Assumenda nostrum at omnis quae aut porro.', 'Stroman-Friesen', 'kaci.mcdermott@hotmail.com', '(730) 217-5167', 'https://www.sebastian-keebler.org/?earum=nam&illum=unde', 66),
	(67, 'Similique reprehenderit dolorum praesentium nihil. Aperiam quasi omnis aperiam illum. Fugit eos quod temporibus.', 'Deckow Group', 'jacquetta.parker@hotmail.com', '(828) 269-4610', 'http://www.jeff-gerhold.biz:18602/quibusdam/ad?illum=aperiam&magni=sequi', 67),
	(68, 'Voluptate soluta iste beatae. Omnis nihil nesciunt incidunt deserunt recusandae amet. Officia magni quidem minima iusto provident.', 'Kovacek, Nikolaus and Gulgowski', 'monroe.lynch@yahoo.com', '(730) 672-5540', 'http://www.franklyn-cruickshank.com:61145/temporibus#voluptatem', 68),
	(69, 'Consectetur alias doloremque deserunt explicabo corporis in et. Quaerat voluptatum explicabo at laborum placeat. Voluptatem inventore repellat harum itaque nihil.', 'Torp-Pfeffer', 'earnest.zemlak@hotmail.com', '(464) 909-8714', 'https://www.gil-bechtelar.info:32155/iusto/nisieius?nemo=nobis&earum=voluptates', 69),
	(70, 'Esse eveniet mollitia eaque sequi inventore repellat ut. Deserunt iusto tempore. Quo dignissimos mollitia ratione corporis tenetur magni sed. Veritatis architecto error possimus cupiditate quos amet ipsam. Debitis repellendus occaecati natus recusandae quod exercitationem eum.', 'Mayert Inc', 'foster.gorczany@hotmail.com', '(305) 315-0237', 'https://www.dawna-daniel.com:28107/minus/accusamusrem?necessitatibus=deleniti&maxime=ipsum', 70),
	(71, 'Deserunt blanditiis natus minus iusto sed dolore maxime. Vero eum ex beatae. Ratione occaecati ullam. Assumenda et et libero eum ducimus sed adipisci.', 'Shanahan-Erdman', 'elias.bergstrom@gmail.com', '(505) 519-4164', 'http://www.archie-labadie.com/provident/dolorumcupiditate?eius=natus&harum=dolores#accusantium', 71),
	(72, 'Minus fuga ex aliquam. Reiciendis molestias sunt quaerat. Itaque optio nesciunt.', 'Moen, Prohaska and Effertz', 'nick.bayer@hotmail.com', '(859) 269-9508', 'https://www.dante-wiza.name/beatae/ullam#animi', 72),
	(73, 'Molestias sit veritatis saepe. Ab sunt id mollitia non dolore blanditiis. Velit libero sint dignissimos cupiditate pariatur necessitatibus. Ullam veritatis veritatis officiis laudantium dicta incidunt asperiores. Suscipit ratione rem.', 'Blanda, Emmerich and Terry', 'layla.lemke@hotmail.com', '(240) 424-9892', 'https://www.jeffery-rath.name:22447/et/illoasperiores?temporibus=aliquid&a=accusamus#sint', 73),
	(74, 'Id distinctio quae sed amet voluptatibus dolores cum. Aliquid magni mollitia est illum blanditiis. Autem explicabo quod error adipisci. Quaerat vitae a corporis placeat consectetur.', 'Bogisich-Rutherford', 'coreen.keeling@gmail.com', '(505) 666-6138', 'https://www.kyung-cormier.com:32457/non', 74),
	(75, 'Facilis esse tempora cupiditate explicabo. Placeat animi laboriosam repellat tempore consequuntur. Iusto facilis asperiores sed placeat harum ipsum. Ab est aliquam dolores fuga.', 'Schinner-Tromp', 'bonny.weber@gmail.com', '(730) 207-2028', 'https://www.kasandra-cummings.com/#quo', 75),
	(76, 'Nesciunt et id animi. Illum ad eaque tempora consectetur exercitationem. Iusto alias quas incidunt magnam dignissimos.', 'MacGyver LLC', 'marcus.schuppe@gmail.com', '(305) 207-4777', 'https://www.roland-maggio.co:539/temporibus?modi=sit&iure=consequatur', 76),
	(77, 'Reiciendis voluptas vel quidem consequuntur natus earum. Nisi voluptas aperiam repudiandae recusandae animi sequi. At quis doloribus culpa voluptate. Iste deserunt ullam quo modi praesentium. Nesciunt asperiores architecto aut.', 'Nikolaus, Mayert and Dickens', 'ellyn.crooks@yahoo.com', '(425) 778-2912', 'https://www.hipolito-christiansen.name/vero/impeditquidem#iusto', 77),
	(78, 'Debitis quasi laboriosam totam tempora magni cupiditate. Voluptas atque animi. Blanditiis velit dolore itaque iure quos id. Dicta amet modi in neque dolor deleniti.', 'Flatley-Nolan', 'therese.mcdermott@hotmail.com', '(505) 625-5126', 'https://www.carlena-mcdermott.net:58985/?nulla=ipsam&distinctio=porro', 78),
	(79, 'Magnam enim iusto. Veniam dignissimos excepturi ab. Dolorum voluptatibus eaque veniam perferendis. Alias modi eligendi placeat. Eveniet inventore amet.', 'Rath and Sons', 'cristopher.parker@yahoo.com', '(970) 767-2532', 'http://www.lean-schuppe.io:32184/', 79),
	(80, 'Fugit distinctio amet quas iure. Dicta odit ipsam aspernatur corporis inventore libero commodi. Tempore minima accusamus tempore blanditiis accusamus. Eos dolor placeat alias exercitationem alias corporis.', 'Ruecker-Stracke', 'roxane.dietrich@hotmail.com', '(730) 245-2226', 'https://www.miquel-bergnaum.name:20042/?doloremque=ipsum&tempore=aliquid', 80),
	(81, 'Ipsam repellendus occaecati. Libero reprehenderit non. Numquam odio architecto consectetur accusantium. Eveniet sunt autem occaecati minima dolore nulla.', 'Veum, Abbott and Cassin', 'anjelica.smith@hotmail.com', '(730) 646-6748', 'http://www.jaclyn-lemke.biz:57424/repellendus/eos', 81),
	(82, 'Esse sed eum eius possimus deleniti. Ipsa quae dolorum quae dignissimos itaque eius veniam. Dolore sapiente laudantium.', 'Schaefer and Sons', 'randell.kuhlman@gmail.com', '(305) 256-9727', 'https://www.isaac-stamm.name/#tempore', 82),
	(83, 'Et qui voluptatem perspiciatis voluptas recusandae architecto. Sapiente temporibus earum fugiat quis a quia suscipit. Praesentium corporis officia ex quidem facilis saepe. At laboriosam suscipit tenetur iusto eius consequatur ad. Adipisci natus aut optio neque.', 'Stoltenberg and Sons', 'young.graham@yahoo.com', '(730) 212-2900', 'http://www.franklyn-effertz.net/doloremque/corporis?rerum=laboriosam&dolorum=voluptatibus', 83),
	(84, 'Doloribus ad blanditiis qui incidunt autem. Nihil tempore quae odit eveniet. Cumque voluptatibus voluptatibus dolores. Eum ullam quidem.', 'Robel-Upton', 'lucretia.russel@gmail.com', '(305) 201-3637', 'http://www.carlo-kuphal.org/?in=ratione&nulla=eius', 84),
	(85, 'Voluptates ipsa veniam iure voluptate ipsum. Illo error accusantium iure consequuntur assumenda tempora. Ratione necessitatibus unde impedit ipsam expedita totam nulla. Quam dolorum iure laboriosam.', 'Bartoletti Inc', 'virgina.rath@gmail.com', '(206) 536-0909', 'http://www.sarita-durgan.biz/?odio=debitis&tenetur=optio', 85),
	(86, 'Nulla veniam praesentium repellendus consequuntur. Aperiam debitis tempore. Nihil aut quas amet nulla totam. Sed maiores qui sit repellat ea optio iste. Optio amet ipsum commodi.', 'Wolf, Weber and Thompson', 'emery.howe@gmail.com', '(228) 482-2285', 'http://www.fernando-turcotte.com/occaecati/libero?nemo=doloremque&voluptatibus=et#accusantium', 86),
	(87, 'Hic ullam cum fuga vitae incidunt. Modi esse sunt odio. Dolorem omnis atque fugit aliquam deserunt dignissimos. Ipsa unde minus labore maxime quas repudiandae non. Minima error quos aut tenetur reiciendis quia ratione.', 'Deckow-Orn', 'taylor.runolfsson@yahoo.com', '(352) 552-0012', 'https://www.gillian-konopelski.net/repellat', 87),
	(88, 'Illum earum animi non itaque temporibus nulla. Quam officiis aut nostrum ea et. Vel quaerat blanditiis explicabo perspiciatis. Voluptatem suscipit vero consequuntur rem quaerat porro.', 'Romaguera, Haley and Ferry', 'collin.huel@gmail.com', '(305) 829-1072', 'http://www.carlo-larson.info:39842/', 88),
	(89, 'Quos assumenda necessitatibus voluptatem esse. At nesciunt iste deserunt. Magnam ipsum eveniet iure. Dolor odit facilis veritatis assumenda at ipsa.', 'Lakin, Frami and Greenholt', 'jerry.farrell@hotmail.com', '(469) 665-9953', 'http://www.bernard-hermiston.info:3553/error', 89),
	(90, 'Nihil optio consequatur aut unde tempore aspernatur. Quod totam officia itaque explicabo rerum tenetur. Aliquid facilis ex eaque. Velit animi vero consectetur. Quaerat cupiditate ipsum neque.', 'Hickle-Schaden', 'darwin.langworth@yahoo.com', '(346) 877-0542', 'https://www.criselda-gleichner.org/#culpa', 90),
	(91, 'Consectetur repellat rem dolore. Accusantium doloribus rem. Nulla tempora iusto amet nostrum. Distinctio magni tempora id neque.', 'Ankunding, Reichert and Breitenberg', 'carter.mccullough@yahoo.com', '(925) 420-8795', 'http://www.deedee-effertz.name/dolores/itaque?officiis=dolor&corporis=soluta#vero', 91),
	(92, 'Assumenda sint tenetur voluptatum doloribus repellat accusantium. Fugiat nisi eaque qui aut. Dignissimos deserunt molestias vitae quos dicta eveniet consequatur.', 'Mohr, Wyman and Shanahan', 'nathanael.schmitt@hotmail.com', '(730) 226-0974', 'https://www.emeline-rath.co:65209/in/recusandaedeserunt?placeat=fuga&repudiandae=neque#reprehenderit', 92),
	(93, 'Non in corrupti accusantium ipsum inventore aliquid incidunt. Hic quaerat adipisci. Neque neque delectus assumenda blanditiis in assumenda quod. Iste eligendi quo ratione unde dignissimos fugiat. Unde ipsa deleniti.', 'Turner-Wisoky', 'jayson.will@hotmail.com', '(472) 231-2259', 'http://www.clyde-mosciski.co/corrupti/maioresducimus?necessitatibus=tenetur&inventore=officia#iste', 93),
	(94, 'A at dolorem esse praesentium. Laborum esse ea sit temporibus itaque voluptatum. Odio dolor ex laudantium id.', 'Toy-Emard', 'marlys.ryan@gmail.com', '(305) 206-4388', 'https://www.alejandra-huel.org/quasi', 94),
	(95, 'Quae neque eum repellat sequi. Explicabo fugiat eaque eligendi. Delectus tempore architecto aspernatur id.', 'Hackett, Yost and Quitzon', 'ezra.schowalter@yahoo.com', '(505) 680-3681', 'https://www.jin-tremblay.com:9143/harum#nihil', 95),
	(96, 'Ullam nisi deleniti sapiente cumque harum consequatur. Fugiat saepe quisquam a cumque minima. Provident doloremque unde. A blanditiis cum ipsum. Quos placeat expedita voluptas vero.', 'Dietrich-Paucek', 'val.mckenzie@hotmail.com', '(308) 835-6925', 'https://www.victor-prohaska.biz:35100/earum/undedebitis', 96),
	(97, 'Voluptatum commodi pariatur voluptates numquam corporis. Sed natus nulla facere. Debitis natus fugiat ea dolorem consequuntur sit nihil.', 'Rath, Stehr and Koch', 'clair.lockman@gmail.com', '(305) 201-7056', 'https://www.galen-boyer.info:26806/voluptates/magniaccusantium', 97),
	(98, 'Nobis tempore molestiae. Voluptatum praesentium autem facilis officia ratione eum quo. Non recusandae porro inventore hic. Qui praesentium quod amet adipisci consequatur at sunt. Ea provident cum eius occaecati sequi.', 'Gorczany Group', 'dante.reichert@yahoo.com', '(505) 677-4969', 'http://www.philip-mcdermott.net:583/illo/ea', 98),
	(99, 'Eveniet tempora expedita ab doloremque aut. Praesentium itaque sint. Sapiente maiores odio doloribus optio nisi.', 'Greenholt-Stoltenberg', 'bruno.koss@gmail.com', '(730) 602-9480', 'https://www.cody-metz.com:16534/voluptates#quam', 99),
	(100, 'Dolor aliquid nostrum perferendis ducimus atque quaerat cumque. Nemo quo recusandae consequatur incidunt adipisci. Aut necessitatibus neque.', 'Pacocha Inc', 'analisa.spinka@gmail.com', '(730) 608-8307', 'http://www.minh-lebsack.info/?esse=consectetur&cumque=ratione', 100);

-- Dumping structure for table works.experience
CREATE TABLE IF NOT EXISTS `experience` (
  `exp_id` bigint(20) NOT NULL AUTO_INCREMENT,
  `company` varchar(120) NOT NULL,
  `from_date` date NOT NULL,
  `role` varchar(100) NOT NULL,
  `to_date` date NOT NULL,
  `work_desc` varchar(400) DEFAULT NULL,
  `can_id` bigint(20) NOT NULL,
  PRIMARY KEY (`exp_id`),
  KEY `FK8d5oqe0wxh52v352i04qnuady` (`can_id`),
  CONSTRAINT `FK8d5oqe0wxh52v352i04qnuady` FOREIGN KEY (`can_id`) REFERENCES `candidate` (`id`)
) ENGINE=InnoDB AUTO_INCREMENT=187 DEFAULT CHARSET=latin1 COLLATE=latin1_swedish_ci;

-- Dumping data for table works.experience: ~0 rows (approximately)
REPLACE INTO `experience` (`exp_id`, `company`, `from_date`, `role`, `to_date`, `work_desc`, `can_id`) VALUES
	(1, 'Ledner LLC', '2017-12-14', 'Banking Associate', '2019-12-14', 'Eligendi iste voluptatem fugit.', 1),
	(2, 'Auer-Dibbert', '2020-12-14', 'Government Liaison', '2023-12-14', 'Cupiditate unde soluta eos sequi enim eum nemo.', 1),
	(3, 'Cummerata-Satterfield', '2020-12-14', 'Human Marketing Engineer', '2022-12-14', 'Officiis quasi necessitatibus temporibus ipsa eveniet iste a.', 2),
	(4, 'Wehner Inc', '2014-12-14', 'Investor Marketing Technician', '2015-12-14', 'In in distinctio vel ipsum iste.', 2),
	(5, 'Schaden, Jast and Torphy', '2014-12-14', 'Lead Government Facilitator', '2016-12-14', 'Repudiandae nihil iure cum distinctio ducimus laboriosam.', 3),
	(6, 'Johnson-Torphy', '2022-12-14', 'National Consultant', '2023-12-14', 'Odio et reiciendis animi voluptas.', 4),
	(7, 'Waters, Mitchell and McDermott', '2023-12-14', 'Direct Facilitator', '2026-12-14', 'Quam maxime iusto.', 4),
	(8, 'Spencer-Heathcote', '2020-12-14', 'Forward Construction Developer', '2021-12-14', 'Magnam consectetur libero.', 5),
	(9, 'Kozey, Becker and Marvin', '2019-12-14', 'Sales Orchestrator', '2020-12-14', 'Ut eos in.', 5),
	(10, 'Hyatt LLC', '2021-12-14', 'Direct Planner', '2022-12-14', 'Odio dolorum eos provident aliquid natus consequatur.', 6),
	(11, 'Block Group', '2016-12-14', 'Customer Assistant', '2019-12-14', 'Voluptatem perferendis nesciunt quia rem consectetur.', 6),
	(12, 'Vandervort and Sons', '2023-12-14', 'Human Banking Planner', '2024-12-14', 'Nisi iste magni.', 6),
	(13, 'Jenkins LLC', '2014-12-14', 'Product Specialist', '2015-12-14', 'Sequi eaque nihil fugiat.', 7),
	(14, 'Labadie, Robel and Stracke', '2023-12-14', 'Marketing Planner', '2026-12-14', 'Aut molestiae quos magnam neque.', 7),
	(15, 'Rath Group', '2018-12-14', 'Central Education Agent', '2019-12-14', 'Ratione hic officia.', 8),
	(16, 'Lebsack, Blanda and Volkman', '2020-12-14', 'Education Administrator', '2021-12-14', 'Nihil harum doloremque omnis.', 8),
	(17, 'Leuschke, Krajcik and Haag', '2021-12-14', 'Technology Designer', '2022-12-14', 'Ducimus eos dolorum numquam corporis.', 9),
	(18, 'Moen-Hammes', '2021-12-14', 'Farming Engineer', '2023-12-14', 'Ducimus consequuntur veniam ea veniam cumque.', 10),
	(19, 'Jacobi-Herzog', '2019-12-14', 'Sales Designer', '2022-12-14', 'Commodi atque est totam voluptatem dolorem nulla veniam.', 11),
	(20, 'King-McCullough', '2021-12-14', 'Regional Manager', '2023-12-14', 'Doloremque eum sequi.', 11),
	(21, 'Cronin-Hettinger', '2021-12-14', 'Advertising Producer', '2023-12-14', 'Veniam porro dolore laudantium ratione tempora.', 12),
	(22, 'Trantow Inc', '2014-12-14', 'Technology Consultant', '2017-12-14', 'Id nemo animi debitis sapiente laboriosam fuga.', 12),
	(23, 'Beatty LLC', '2023-12-14', 'Manufacturing Specialist', '2026-12-14', 'Ipsam quo ipsam tempore officiis.', 13),
	(24, 'Balistreri Group', '2019-12-14', 'Sales Strategist', '2021-12-14', 'Accusamus unde assumenda quaerat deserunt.', 14),
	(25, 'Russel, Hansen and Ziemann', '2014-12-14', 'Construction Orchestrator', '2015-12-14', 'Voluptas expedita velit quia voluptatum.', 14),
	(26, 'Barton-Hackett', '2015-12-14', 'Human Planner', '2017-12-14', 'Possimus dolor nobis aspernatur.', 15),
	(27, 'Lynch-Ratke', '2022-12-14', 'Product Retail Assistant', '2024-12-14', 'Vel perferendis voluptates accusamus.', 15),
	(28, 'Abbott, Fadel and Ryan', '2014-12-14', 'Administration Associate', '2015-12-14', 'Mollitia nulla quibusdam impedit aperiam.', 15),
	(29, 'Kessler, Frami and Upton', '2023-12-14', 'Senior Accounting Supervisor', '2025-12-14', 'Cumque consequatur perferendis adipisci tempora placeat.', 16),
	(30, 'Goldner Inc', '2020-12-14', 'Regional Consulting Designer', '2023-12-14', 'Architecto quibusdam ea totam consequatur dolor dignissimos tenetur.', 16),
	(31, 'Christiansen-Cartwright', '2021-12-14', 'Lead Specialist', '2022-12-14', 'Laboriosam error asperiores error illum dolorem culpa.', 17),
	(32, 'Skiles, Macejkovic and Bernier', '2014-12-14', 'Internal Mining Manager', '2015-12-14', 'Quam sequi earum.', 17),
	(33, 'O\'Reilly-Klocko', '2014-12-14', 'District Developer', '2015-12-14', 'Harum quae officia accusantium cumque.', 18),
	(34, 'Hermiston-Baumbach', '2021-12-14', 'Lead Government Technician', '2022-12-14', 'Nesciunt accusamus voluptatum provident corporis.', 18),
	(35, 'Turcotte, Stroman and Sporer', '2017-12-14', 'Lead Community-Services Liaison', '2020-12-14', 'Impedit porro rem.', 19),
	(36, 'Stanton, Kunde and Dickens', '2018-12-14', 'International Manager', '2021-12-14', 'Libero sapiente voluptates debitis quis.', 19),
	(37, 'Mante Inc', '2022-12-14', 'District Planner', '2024-12-14', 'Non minus mollitia.', 20),
	(38, 'Wuckert, Farrell and Kovacek', '2019-12-14', 'Government Consultant', '2021-12-14', 'Possimus aut doloribus.', 20),
	(39, 'Trantow-Predovic', '2019-12-14', 'Legal Agent', '2021-12-14', 'Ullam asperiores quidem ea corporis reiciendis officiis officiis.', 21),
	(40, 'Parker-Jerde', '2019-12-14', 'Legal Supervisor', '2022-12-14', 'Ullam voluptatum atque facilis dignissimos repellendus adipisci libero.', 21),
	(41, 'Bartell, Okuneva and King', '2014-12-14', 'Banking Liaison', '2016-12-14', 'Expedita praesentium fugiat culpa voluptas vero quia nemo.', 21),
	(42, 'Leffler, Ebert and Schoen', '2020-12-14', 'Senior Farming Engineer', '2021-12-14', 'Soluta corrupti repellendus recusandae.', 22),
	(43, 'Schaden and Sons', '2023-12-14', 'Sales Technician', '2026-12-14', 'Nostrum iusto quisquam dicta nostrum recusandae.', 22),
	(44, 'Stiedemann Inc', '2020-12-14', 'Accounting Facilitator', '2023-12-14', 'Adipisci quos eveniet eaque at possimus sapiente doloremque.', 23),
	(45, 'Daugherty, Lehner and Torp', '2016-12-14', 'Chief Marketing Facilitator', '2019-12-14', 'Quia itaque reprehenderit dicta magnam.', 23),
	(46, 'Cassin LLC', '2022-12-14', 'Principal Administration Engineer', '2024-12-14', 'Ipsam numquam maxime.', 24),
	(47, 'Wehner and Sons', '2019-12-14', 'Forward Manager', '2020-12-14', 'Dignissimos amet doloribus quas.', 24),
	(48, 'Witting-Fay', '2017-12-14', 'District Technology Designer', '2018-12-14', 'Accusamus optio eius.', 25),
	(49, 'Borer, Muller and Kessler', '2023-12-14', 'Dynamic Retail Planner', '2024-12-14', 'Consequatur soluta perspiciatis architecto.', 25),
	(50, 'O\'Reilly, Oberbrunner and Konopelski', '2014-12-14', 'Senior IT Producer', '2015-12-14', 'Commodi tempora laboriosam consequatur consequatur suscipit.', 25),
	(51, 'Rolfson and Sons', '2016-12-14', 'Regional Facilitator', '2017-12-14', 'Optio adipisci modi labore sunt deleniti iste iusto.', 26),
	(52, 'Wolf-Cartwright', '2021-12-14', 'Future Community-Services Director', '2023-12-14', 'Excepturi nesciunt culpa sunt veniam iste dignissimos dolor.', 26),
	(53, 'Rolfson, Watsica and Ondricka', '2021-12-14', 'Senior Education Specialist', '2023-12-14', 'Non delectus nisi officiis neque laboriosam odio.', 27),
	(54, 'Nikolaus, Stracke and Haag', '2019-12-14', 'National Strategist', '2021-12-14', 'Veritatis modi maxime id praesentium.', 28),
	(55, 'Langosh-Conroy', '2016-12-14', 'Senior Manufacturing Developer', '2019-12-14', 'Odit doloremque pariatur ex fuga.', 29),
	(56, 'Kling, Grant and Leuschke', '2023-12-14', 'Senior Technology Manager', '2024-12-14', 'Atque dolorum ut.', 29),
	(57, 'Ullrich-Luettgen', '2023-12-14', 'Internal IT Director', '2026-12-14', 'Dicta eaque amet cum.', 30),
	(58, 'Wiza, Heathcote and Ankunding', '2020-12-14', 'Future Administration Analyst', '2023-12-14', 'Quasi odit ducimus dolores repellendus reprehenderit unde.', 30),
	(59, 'Cruickshank LLC', '2015-12-14', 'Banking Designer', '2018-12-14', 'Eos excepturi officia necessitatibus nihil excepturi.', 31),
	(60, 'Donnelly, Schroeder and Lueilwitz', '2019-12-14', 'Future Facilitator', '2020-12-14', 'Quidem dolor dolor id sunt quos eum est.', 31),
	(61, 'Runte-Littel', '2020-12-14', 'Future Technology Liaison', '2021-12-14', 'Vel itaque dignissimos quibusdam placeat enim molestiae.', 32),
	(62, 'Stehr, Rolfson and Mante', '2020-12-14', 'Retail Producer', '2022-12-14', 'Ullam nobis recusandae nesciunt iste suscipit minima.', 32),
	(63, 'Zieme, Heidenreich and Greenholt', '2019-12-14', 'Customer Mining Producer', '2021-12-14', 'Cupiditate cum ad vero quisquam animi voluptatibus.', 32),
	(64, 'Sporer, Beatty and Lakin', '2021-12-14', 'Customer Accounting Manager', '2024-12-14', 'Necessitatibus quos asperiores animi dolorem quo quae beatae.', 33),
	(65, 'Heller Inc', '2021-12-14', 'Mining Assistant', '2023-12-14', 'Pariatur sit cum modi laboriosam.', 34),
	(66, 'Lakin-Lehner', '2018-12-14', 'Principal Associate', '2020-12-14', 'Consequatur facere animi.', 35),
	(67, 'Rowe LLC', '2021-12-14', 'International Consulting Agent', '2022-12-14', 'Aperiam molestiae praesentium veritatis ipsa.', 35),
	(68, 'Wunsch-Heller', '2023-12-14', 'Central Accounting Planner', '2024-12-14', 'Ratione eaque odio voluptate.', 35),
	(69, 'Predovic, Beier and Olson', '2014-12-14', 'Product IT Developer', '2015-12-14', 'Cupiditate nesciunt facere omnis esse numquam voluptates nihil.', 36),
	(70, 'Ratke, Beahan and Hilpert', '2018-12-14', 'Customer Manufacturing Executive', '2019-12-14', 'Incidunt dolorem dolor deleniti.', 36),
	(71, 'Sipes-Denesik', '2014-12-14', 'Marketing Designer', '2017-12-14', 'Sapiente quibusdam nesciunt laborum similique possimus eum rerum.', 36),
	(72, 'Frami-Padberg', '2020-12-14', 'Banking Manager', '2022-12-14', 'Odit minus doloribus.', 37),
	(73, 'Abshire, Ankunding and Jacobson', '2014-12-14', 'Farming Associate', '2017-12-14', 'Odio quaerat soluta odit sapiente ad.', 37),
	(74, 'Von LLC', '2023-12-14', 'Product Marketing Designer', '2026-12-14', 'Consectetur quas expedita ipsum dolores quaerat id autem.', 37),
	(75, 'Brekke LLC', '2017-12-14', 'Lead Hospitality Technician', '2019-12-14', 'Sed sequi rerum.', 38),
	(76, 'Hayes, Fahey and Brekke', '2023-12-14', 'Global Healthcare Agent', '2026-12-14', 'Fugit totam libero adipisci omnis architecto.', 38),
	(77, 'Larkin Inc', '2020-12-14', 'Education Manager', '2021-12-14', 'Corrupti molestiae omnis dolores.', 39),
	(78, 'Boyer LLC', '2016-12-14', 'Government Producer', '2018-12-14', 'Exercitationem sapiente earum quaerat rem.', 39),
	(79, 'Gislason Inc', '2022-12-14', 'Real-Estate Orchestrator', '2024-12-14', 'Nulla eligendi quas nam tenetur.', 40),
	(80, 'Schaefer-Hessel', '2017-12-14', 'Direct Technology Manager', '2020-12-14', 'Eaque quia blanditiis velit ratione esse minus minima.', 41),
	(81, 'Kuphal-Bayer', '2017-12-14', 'Internal Healthcare Coordinator', '2020-12-14', 'Beatae ipsum atque.', 42),
	(82, 'Bernhard Group', '2014-12-14', 'Corporate Construction Supervisor', '2017-12-14', 'Qui nihil sit adipisci.', 43),
	(83, 'Lowe, Hickle and Satterfield', '2018-12-14', 'Product Farming Assistant', '2020-12-14', 'Rerum ipsa mollitia odit.', 43),
	(84, 'Stanton, Schroeder and Predovic', '2015-12-14', 'Mining Architect', '2017-12-14', 'Blanditiis quidem maiores unde saepe minima saepe eum.', 43),
	(85, 'Hudson, Medhurst and Baumbach', '2018-12-14', 'Banking Director', '2020-12-14', 'Iusto perferendis libero a ratione cumque sapiente.', 44),
	(86, 'Roob-Christiansen', '2020-12-14', 'Administration Consultant', '2022-12-14', 'Commodi amet cupiditate molestias nisi recusandae aliquid nam.', 45),
	(87, 'Considine, Blick and Reinger', '2017-12-14', 'Investor Facilitator', '2020-12-14', 'Veniam amet fuga sint.', 46),
	(88, 'Jerde and Sons', '2021-12-14', 'Senior Representative', '2024-12-14', 'Commodi eveniet assumenda similique.', 47),
	(89, 'Connelly, Tillman and Paucek', '2020-12-14', 'Education Liaison', '2022-12-14', 'Autem impedit est sunt error dolorum.', 47),
	(90, 'Price Group', '2022-12-14', 'Dynamic Legal Assistant', '2025-12-14', 'Magni repudiandae ullam maiores eaque nesciunt veritatis quod.', 48),
	(91, 'Mitchell-Yost', '2016-12-14', 'Healthcare Facilitator', '2018-12-14', 'Placeat maxime molestiae.', 48),
	(92, 'Nienow, Bauch and Rice', '2017-12-14', 'Marketing Executive', '2019-12-14', 'Laboriosam ullam hic accusamus minus occaecati.', 49),
	(93, 'Macejkovic, Rodriguez and Gleason', '2021-12-14', 'Farming Consultant', '2023-12-14', 'Est tempore culpa esse nisi.', 49),
	(94, 'Romaguera, Cartwright and Powlowski', '2015-12-14', 'Accounting Executive', '2018-12-14', 'Dignissimos assumenda quasi expedita blanditiis architecto.', 49),
	(95, 'Homenick Group', '2023-12-14', 'Consulting Orchestrator', '2026-12-14', 'Culpa occaecati veritatis maiores numquam modi.', 50),
	(96, 'Rice, Hartmann and Bergnaum', '2022-12-14', 'Regional Legal Associate', '2024-12-14', 'Debitis mollitia molestiae quis excepturi asperiores assumenda accusamus.', 51),
	(97, 'Leffler and Sons', '2020-12-14', 'Human Associate', '2021-12-14', 'Explicabo vel dolores consectetur.', 52),
	(98, 'Walter-Blick', '2022-12-14', 'Product Developer', '2025-12-14', 'Dolore eligendi error rerum.', 52),
	(99, 'Kub-Lakin', '2017-12-14', 'Lead Specialist', '2019-12-14', 'Tempora aperiam corrupti architecto saepe.', 53),
	(100, 'Fritsch Inc', '2015-12-14', 'Community-Services Assistant', '2018-12-14', 'Alias repudiandae reiciendis sit ipsum consectetur quam.', 53),
	(101, 'West-Carroll', '2018-12-14', 'Chief Administration Agent', '2021-12-14', 'Tempora at cumque dolorem explicabo architecto.', 54),
	(102, 'Denesik Inc', '2016-12-14', 'Direct Community-Services Specialist', '2017-12-14', 'Nesciunt animi quos aspernatur id quos eaque porro.', 54),
	(103, 'Stiedemann, Runolfsson and Torp', '2023-12-14', 'National Planner', '2025-12-14', 'Porro magni itaque optio.', 55),
	(104, 'Von Inc', '2022-12-14', 'Mining Officer', '2023-12-14', 'Quas consequuntur eum.', 56),
	(105, 'Wunsch, Hoeger and Runolfsson', '2022-12-14', 'Legacy Technology Director', '2024-12-14', 'Non natus cum.', 56),
	(106, 'Kirlin-Pfeffer', '2019-12-14', 'Senior Administration Director', '2022-12-14', 'Ab iste a tempora velit laboriosam quas.', 57),
	(107, 'Schamberger Inc', '2023-12-14', 'Consulting Developer', '2025-12-14', 'Numquam libero beatae corrupti quam facere deleniti voluptas.', 57),
	(108, 'Rowe, Bruen and Rodriguez', '2014-12-14', 'Customer Planner', '2015-12-14', 'Ex modi praesentium officiis dolores.', 57),
	(109, 'Welch Inc', '2022-12-14', 'Dynamic Government Designer', '2023-12-14', 'Quas eius distinctio molestiae dolorem dolores.', 58),
	(110, 'Homenick-Auer', '2018-12-14', 'Accounting Designer', '2019-12-14', 'Natus architecto occaecati at facilis officiis.', 59),
	(111, 'Walsh and Sons', '2014-12-14', 'Regional Consulting Developer', '2016-12-14', 'Placeat possimus omnis facilis veritatis assumenda dolore in.', 59),
	(112, 'Kuhn-Jacobs', '2017-12-14', 'Senior IT Strategist', '2020-12-14', 'Suscipit exercitationem sequi ab.', 59),
	(113, 'Morar Group', '2021-12-14', 'Forward Farming Executive', '2023-12-14', 'Sint explicabo fuga ratione repellat.', 60),
	(114, 'Larson, Pollich and Larson', '2020-12-14', 'Accounting Engineer', '2022-12-14', 'Praesentium assumenda vel blanditiis architecto.', 61),
	(115, 'Smith, Kiehn and Murray', '2016-12-14', 'Farming Orchestrator', '2019-12-14', 'Ex atque porro quisquam excepturi consequuntur.', 61),
	(116, 'Cassin Group', '2018-12-14', 'Lead Specialist', '2019-12-14', 'Consequuntur voluptate voluptatum quas suscipit delectus dolore.', 62),
	(117, 'Brekke, Von and Baumbach', '2022-12-14', 'Product Accounting Orchestrator', '2025-12-14', 'Aliquid aspernatur consequuntur praesentium nemo facilis neque expedita.', 63),
	(118, 'Jones LLC', '2015-12-14', 'District Accounting Facilitator', '2017-12-14', 'Nisi laborum voluptatum necessitatibus.', 63),
	(119, 'Mohr Inc', '2014-12-14', 'Product Administration Executive', '2017-12-14', 'Totam natus ea omnis quaerat.', 63),
	(120, 'Erdman, O\'Hara and Terry', '2017-12-14', 'Product Designer', '2020-12-14', 'Consectetur commodi sapiente alias accusamus.', 64),
	(121, 'Emard Group', '2015-12-14', 'Investor Real-Estate Producer', '2017-12-14', 'Blanditiis est eos dolorum libero sequi molestias qui.', 65),
	(122, 'Boyer Inc', '2020-12-14', 'Central Mining Executive', '2023-12-14', 'Esse veritatis quas eligendi saepe.', 65),
	(123, 'Dare-Gleichner', '2014-12-14', 'Forward Accounting Developer', '2017-12-14', 'Sit ipsum nobis aperiam.', 66),
	(124, 'Lubowitz, Swaniawski and Fritsch', '2018-12-14', 'Technology Liaison', '2021-12-14', 'Laboriosam ab consectetur quidem modi distinctio tempore illo.', 67),
	(125, 'Spencer, Paucek and Becker', '2019-12-14', 'Design Developer', '2022-12-14', 'Mollitia minima molestiae.', 68),
	(126, 'Hamill, Koss and Schultz', '2022-12-14', 'Direct Strategist', '2023-12-14', 'Quis atque eius voluptatum.', 68),
	(127, 'Bayer-Gutmann', '2021-12-14', 'Central Director', '2023-12-14', 'Porro sit modi sequi.', 69),
	(128, 'Fahey Inc', '2022-12-14', 'Senior Technician', '2023-12-14', 'Veniam officiis nihil.', 69),
	(129, 'Russel-Zulauf', '2017-12-14', 'Hospitality Associate', '2018-12-14', 'Impedit repellendus tempora.', 70),
	(130, 'Walter Inc', '2015-12-14', 'Corporate Government Analyst', '2016-12-14', 'Ipsa molestiae tempora est incidunt.', 70),
	(131, 'Schmeler-Lueilwitz', '2021-12-14', 'Dynamic Designer', '2022-12-14', 'Eum sint fugiat occaecati officia magnam doloremque laboriosam.', 70),
	(132, 'Hirthe-Tromp', '2020-12-14', 'Marketing Manager', '2021-12-14', 'Fugiat sit numquam expedita ut minus laborum.', 71),
	(133, 'Mosciski, Rowe and MacGyver', '2021-12-14', 'Investor Banking Developer', '2023-12-14', 'Quo sequi et.', 72),
	(134, 'Hahn, Haag and Renner', '2022-12-14', 'Internal Manufacturing Producer', '2025-12-14', 'Officia numquam repellendus totam aperiam debitis maxime placeat.', 73),
	(135, 'Abbott, Thompson and Boyle', '2020-12-14', 'Corporate Analyst', '2022-12-14', 'Vitae aliquid quaerat totam.', 74),
	(136, 'O\'Hara-Hahn', '2019-12-14', 'Legacy Community-Services Associate', '2022-12-14', 'Culpa numquam adipisci cumque dolores necessitatibus.', 74),
	(137, 'Koss, Feest and Dietrich', '2020-12-14', 'Retail Executive', '2021-12-14', 'Aliquid ullam fugit esse atque blanditiis placeat.', 75),
	(138, 'Cremin, Zemlak and Kub', '2016-12-14', 'Chief Mining Producer', '2019-12-14', 'Maxime fugit voluptatibus facilis illum.', 75),
	(139, 'Muller Inc', '2023-12-14', 'Human Advertising Assistant', '2025-12-14', 'Dolores maxime aliquid sapiente doloremque explicabo facilis.', 75),
	(140, 'Feest LLC', '2022-12-14', 'Technology Architect', '2024-12-14', 'Dicta ducimus est eveniet reprehenderit.', 76),
	(141, 'Leannon and Sons', '2016-12-14', 'Marketing Producer', '2018-12-14', 'Minus corporis blanditiis voluptas.', 77),
	(142, 'Marvin, Gleason and King', '2020-12-14', 'Future Architect', '2021-12-14', 'Numquam rem nisi rem inventore.', 77),
	(143, 'Osinski, Mayer and Satterfield', '2016-12-14', 'Legacy Community-Services Strategist', '2017-12-14', 'Ex quibusdam ipsum.', 78),
	(144, 'Stroman-Paucek', '2022-12-14', 'Corporate Consultant', '2025-12-14', 'Neque laboriosam repellat cupiditate libero.', 78),
	(145, 'Graham-Kub', '2023-12-14', 'Community-Services Analyst', '2024-12-14', 'Tenetur accusantium minima hic explicabo consectetur quis rerum.', 78),
	(146, 'Monahan, Denesik and West', '2016-12-14', 'Lead Marketing Coordinator', '2017-12-14', 'Enim nihil perferendis exercitationem.', 79),
	(147, 'Becker-Bashirian', '2023-12-14', 'Principal Administration Specialist', '2026-12-14', 'Corrupti velit voluptatum modi quasi magni sint qui.', 80),
	(148, 'Terry, Barrows and Hills', '2020-12-14', 'Chief Officer', '2022-12-14', 'Saepe a veritatis perspiciatis.', 80),
	(149, 'Glover Group', '2019-12-14', 'Retail Producer', '2020-12-14', 'Aliquid quia perspiciatis minima occaecati.', 80),
	(150, 'McGlynn and Sons', '2018-12-14', 'Advertising Agent', '2019-12-14', 'Eveniet tenetur maiores delectus blanditiis.', 81),
	(151, 'Gusikowski, Kovacek and Haag', '2014-12-14', 'Principal Sales Supervisor', '2015-12-14', 'Ex voluptate ea occaecati consectetur numquam enim.', 82),
	(152, 'Wilkinson, Nitzsche and Denesik', '2017-12-14', 'Government Strategist', '2018-12-14', 'Inventore veniam eligendi.', 82),
	(153, 'Cummings Inc', '2018-12-14', 'Legacy Construction Supervisor', '2020-12-14', 'Velit harum placeat.', 82),
	(154, 'Kihn LLC', '2022-12-14', 'Investor Specialist', '2023-12-14', 'Autem velit molestiae tenetur officiis.', 83),
	(155, 'Rutherford-Stiedemann', '2021-12-14', 'Retail Strategist', '2022-12-14', 'Dolor ex eaque incidunt vero.', 84),
	(156, 'Langosh Group', '2017-12-14', 'International Technology Developer', '2019-12-14', 'Totam ab quibusdam praesentium.', 84),
	(157, 'Keeling, Heaney and Dicki', '2015-12-14', 'Regional Education Designer', '2018-12-14', 'Dolor fuga doloremque voluptatem dolor nulla adipisci vel.', 84),
	(158, 'Purdy, Mueller and Prosacco', '2016-12-14', 'Principal Representative', '2018-12-14', 'Eligendi in facilis incidunt laborum cupiditate pariatur.', 85),
	(159, 'Donnelly-Sauer', '2020-12-14', 'Manufacturing Representative', '2023-12-14', 'Qui praesentium sed molestias.', 86),
	(160, 'Blick and Sons', '2015-12-14', 'Construction Officer', '2018-12-14', 'Molestias animi libero totam similique quisquam minus laborum.', 86),
	(161, 'Kling Inc', '2019-12-14', 'National Construction Producer', '2022-12-14', 'Id quam perferendis distinctio sed molestias.', 87),
	(162, 'Kertzmann, Ratke and Heaney', '2021-12-14', 'Technology Engineer', '2022-12-14', 'Vitae totam veniam esse veritatis.', 87),
	(163, 'Schaden-Nitzsche', '2022-12-14', 'Human Specialist', '2024-12-14', 'Quas ipsa a.', 88),
	(164, 'Reichel-Keeling', '2023-12-14', 'Lead Administrator', '2025-12-14', 'Odio itaque velit laudantium libero doloribus molestiae.', 88),
	(165, 'Boyer, Johnson and Wisoky', '2023-12-14', 'International Real-Estate Associate', '2025-12-14', 'Nostrum tempore consectetur pariatur minus velit.', 89),
	(166, 'Trantow, Franecki and Tillman', '2022-12-14', 'Regional Architect', '2025-12-14', 'Earum soluta placeat vel omnis ipsa labore debitis.', 89),
	(167, 'Cassin Group', '2022-12-14', 'Regional Representative', '2023-12-14', 'Molestias cum aperiam.', 89),
	(168, 'Shanahan, Pagac and Herman', '2022-12-14', 'Forward Community-Services Facilitator', '2025-12-14', 'Aut cumque sed.', 90),
	(169, 'Greenfelder and Sons', '2014-12-14', 'Internal Banking Facilitator', '2015-12-14', 'Asperiores minima provident.', 91),
	(170, 'Hansen, Runolfsson and VonRueden', '2022-12-14', 'Lead Mining Administrator', '2024-12-14', 'Fuga odit sint quo eligendi magni.', 92),
	(171, 'Nienow, Williamson and Mitchell', '2022-12-14', 'IT Assistant', '2024-12-14', 'Nisi et eius illum occaecati beatae.', 93),
	(172, 'Block-Champlin', '2018-12-14', 'National IT Producer', '2021-12-14', 'Blanditiis non magni voluptate ex voluptatum doloribus ratione.', 93),
	(173, 'Rowe-Mann', '2017-12-14', 'Sales Director', '2019-12-14', 'Doloribus veniam delectus harum ratione quam autem harum.', 93),
	(174, 'Koepp-Howell', '2018-12-14', 'Legal Strategist', '2019-12-14', 'Autem dolor ab.', 94),
	(175, 'Mitchell and Sons', '2022-12-14', 'Corporate Hospitality Assistant', '2023-12-14', 'Illum autem facere voluptatem deserunt harum.', 94),
	(176, 'Gorczany, Reilly and Rosenbaum', '2018-12-14', 'Retail Coordinator', '2019-12-14', 'Debitis dolorem sunt ab consequuntur dolorum laboriosam consequuntur.', 95),
	(177, 'Vandervort, Gulgowski and Roob', '2020-12-14', 'Lead Manufacturing Developer', '2021-12-14', 'Excepturi ex iste.', 95),
	(178, 'Walker, DuBuque and Hettinger', '2022-12-14', 'Lead Advertising Officer', '2025-12-14', 'Asperiores at enim earum.', 96),
	(179, 'Roob LLC', '2014-12-14', 'Lead Orchestrator', '2016-12-14', 'Nostrum provident laborum quod accusantium fugit.', 97),
	(180, 'Larkin Group', '2014-12-14', 'Central Technology Representative', '2015-12-14', 'Quae accusantium expedita.', 97),
	(181, 'Ward-Gerhold', '2015-12-14', 'Legacy Legal Technician', '2016-12-14', 'Culpa fugit quasi.', 98),
	(182, 'Denesik LLC', '2023-12-14', 'Accounting Engineer', '2024-12-14', 'Voluptatibus dolorem at.', 98),
	(183, 'Donnelly-Aufderhar', '2016-12-14', 'Design Supervisor', '2019-12-14', 'Laborum nihil rerum eum laudantium occaecati.', 98),
	(184, 'Bashirian-Fadel', '2019-12-14', 'Global Manager', '2022-12-14', 'Laboriosam fugiat illo ut aliquam voluptatibus.', 99),
	(185, 'Tillman, Schuppe and Koss', '2019-12-14', 'Principal Advertising Liaison', '2022-12-14', 'Occaecati atque deleniti omnis dolores perspiciatis.', 100),
	(186, 'Brekke-Rosenbaum', '2016-12-14', 'Education Supervisor', '2017-12-14', 'Illo libero facere illum iure tenetur libero voluptas.', 100);

-- Dumping structure for table works.job
CREATE TABLE IF NOT EXISTS `job` (
  `job_id` bigint(20) NOT NULL AUTO_INCREMENT,
  `job_desc` varchar(2000) NOT NULL,
  `job_name` varchar(255) NOT NULL,
  `company` bigint(20) DEFAULT NULL,
  PRIMARY KEY (`job_id`),
  KEY `FKbaqlvluu78phmo9ld89um7wnm` (`company`),
  CONSTRAINT `FKbaqlvluu78phmo9ld89um7wnm` FOREIGN KEY (`company`) REFERENCES `company` (`comp_id`)
) ENGINE=InnoDB AUTO_INCREMENT=101 DEFAULT CHARSET=latin1 COLLATE=latin1_swedish_ci;

-- Dumping data for table works.job: ~100 rows (approximately)
REPLACE INTO `job` (`job_id`, `job_desc`, `job_name`, `company`) VALUES
	(1, 'Excepturi non laudantium. Eaque aperiam occaecati natus voluptates ullam labore nam. Non error quaerat officiis dolorem animi placeat quas.', 'Principal Hospitality Technician', 38),
	(2, 'Eos ad quas voluptatibus distinctio et corrupti. Aperiam maxime reiciendis voluptates saepe enim officiis voluptates. Minima reiciendis perferendis aut consequatur minus consequatur.', 'Investor Sales Architect', 42),
	(3, 'Et impedit iure itaque excepturi corporis ex et. Impedit alias necessitatibus reiciendis. Cum accusamus nobis aspernatur saepe voluptate culpa quod.', 'Chief Legal Administrator', 97),
	(4, 'A odit nostrum quasi doloremque dicta ducimus. Ipsa dolorum vero reiciendis pariatur in. Ullam placeat repellendus quae nobis accusamus dignissimos. Maiores voluptatum voluptas omnis dolorum.', 'Government Technician', 90),
	(5, 'Quia excepturi ab ut commodi consequuntur ullam. Nesciunt voluptatibus soluta. Debitis suscipit nulla nobis. Voluptas libero illo cum deleniti. Vitae quaerat repellat exercitationem animi.', 'Internal Administrator', 82),
	(6, 'Quibusdam facere magni. Illum voluptatem nesciunt distinctio minus facilis. Sunt dolorum voluptate quo nesciunt facere fugiat. Omnis velit fuga. Perspiciatis neque eius.', 'Design Designer', 95),
	(7, 'Iste veniam ipsam corporis ipsum laborum. Labore recusandae omnis. Ipsum officiis laudantium libero cupiditate sequi. Commodi nobis numquam. Similique ab nostrum dolore necessitatibus similique.', 'Banking Facilitator', 49),
	(8, 'Quia a ut laborum accusamus nihil magnam aut. Voluptates ea incidunt. Ab sequi dolores earum aspernatur a. Provident consequuntur natus illo provident dolor reprehenderit asperiores.', 'Administration Executive', 5),
	(9, 'Cum vero modi sunt quisquam nam. Consectetur optio at tempora odit. Nobis amet necessitatibus.', 'Community-Services Director', 55),
	(10, 'Expedita voluptatem soluta facilis. Provident minus minima. Ipsa dolore porro ipsa corporis velit perferendis. Pariatur maxime sint molestiae sunt neque rem cum.', 'Forward IT Director', 65),
	(11, 'Quae repellat amet modi molestiae. Libero iusto delectus eos culpa hic. Quam id vitae voluptatem consequatur tempora praesentium. Voluptas voluptates cupiditate occaecati. Animi quo veniam animi.', 'Internal Manufacturing Supervisor', 71),
	(12, 'Nam facere blanditiis nulla sequi est doloremque. Fugit sint quae necessitatibus placeat commodi. Ad explicabo corrupti cumque. Aperiam corrupti soluta sed reiciendis maxime ad.', 'Regional Construction Developer', 57),
	(13, 'Amet in repudiandae at unde alias. Exercitationem sequi ipsa eligendi nulla. Minima harum ratione quaerat excepturi. Reprehenderit provident impedit quos deleniti modi.', 'Lead Healthcare Supervisor', 13),
	(14, 'Consequatur amet debitis quos. Nobis odio repellendus distinctio. Officia quibusdam fugit exercitationem nam ex. Aut harum provident adipisci minima voluptates. Quod quos itaque aspernatur doloribus mollitia unde impedit.', 'National Construction Director', 35),
	(15, 'Tempore nulla odit optio odio. Libero laudantium exercitationem quod. Assumenda aperiam numquam consequatur reiciendis suscipit assumenda aspernatur. Exercitationem deserunt aliquam maiores accusamus. Iure nostrum veniam.', 'Administration Assistant', 77),
	(16, 'Explicabo rem ducimus necessitatibus rerum. Ipsam dolorem ducimus. Quia dolores voluptates. Quasi consectetur adipisci. Consequuntur quaerat voluptatem necessitatibus.', 'Internal Healthcare Consultant', 66),
	(17, 'Assumenda at odit iure magni magni impedit optio. Reiciendis perferendis iure ipsa cupiditate quibusdam veritatis officiis. Fugit fugit perferendis ullam magni nobis.', 'Lead Manager', 84),
	(18, 'Laborum explicabo quae quia atque quae. Dolorem quis harum repellat minus ullam aperiam excepturi. Aliquam recusandae natus vero explicabo quibusdam facere. Eveniet sed cum.', 'Retail Developer', 15),
	(19, 'Laudantium ratione quam maiores minima reiciendis et ipsum. Enim ad dolor maxime eum sit error. Repellendus soluta quibusdam. Minus iure sit. Delectus maxime minima repellat odio suscipit.', 'Design Executive', 51),
	(20, 'Earum atque officia. Iusto magnam incidunt voluptas odio temporibus. Unde perspiciatis magni iure. Voluptatibus tenetur ea. Nulla repudiandae dolorum perferendis non ex recusandae consequuntur.', 'Senior Producer', 11),
	(21, 'Perspiciatis sint recusandae maxime laudantium dolore magnam. Perspiciatis a dolore velit. Ad qui ex assumenda quaerat hic deserunt.', 'Community-Services Strategist', 79),
	(22, 'Eius harum omnis itaque consequuntur. Eos aut earum possimus expedita fuga. Molestiae nisi vitae. Dolor vitae placeat doloremque. Nemo magni minus.', 'Human Technology Planner', 19),
	(23, 'Sit placeat odio beatae sint in mollitia. Expedita dignissimos suscipit. Accusantium repudiandae facere asperiores est. Natus fugiat voluptas eveniet maiores natus suscipit ratione.', 'Administration Producer', 78),
	(24, 'Tempore itaque dolor facere. Recusandae ut blanditiis. Facere magni sequi neque deserunt. Velit nobis qui quaerat. Tempora corporis facere excepturi quas aspernatur doloribus fuga.', 'International Advertising Director', 36),
	(25, 'Quos pariatur fuga. Quisquam temporibus nobis cumque voluptates. Voluptas incidunt dignissimos ea modi ex. Eum ex dolor ipsa dicta dignissimos iste. Aut sit molestias exercitationem soluta.', 'Principal Education Executive', 55),
	(26, 'Necessitatibus optio veritatis voluptate velit qui non quisquam. Corrupti tenetur reiciendis vero aperiam nostrum. Quae blanditiis amet. Maxime aperiam quos repellat in magni quos. Consectetur ratione vitae doloribus voluptas dolores delectus.', 'Community-Services Executive', 93),
	(27, 'Blanditiis illo consectetur consectetur molestiae nam magni quibusdam. Amet ipsum pariatur eum. Corporis incidunt veritatis delectus dolores nisi dignissimos. Eius iusto ducimus esse minus numquam quae. Accusamus vel molestias eos eius.', 'Chief Developer', 43),
	(28, 'Exercitationem recusandae accusamus earum blanditiis repudiandae. Porro ut nobis quaerat. Beatae qui praesentium dignissimos aliquid. Error veritatis optio sint vitae quam.', 'Internal Architect', 55),
	(29, 'Mollitia perferendis quibusdam quisquam unde consectetur dicta modi. Earum necessitatibus accusamus explicabo. Nisi nostrum quod explicabo architecto necessitatibus accusantium maxime.', 'Senior Designer', 65),
	(30, 'Cupiditate tenetur id fugiat quidem non quaerat velit. Sunt repellendus accusantium fugiat. Unde odio temporibus enim. Id quidem aut deserunt aliquid.', 'Lead Design Strategist', 51),
	(31, 'Excepturi sed maiores placeat fuga molestiae cum culpa. A nam neque laboriosam aspernatur fugiat. Earum repellendus quas illum fuga esse optio.', 'Manufacturing Supervisor', 51),
	(32, 'Occaecati assumenda sunt harum. Sed quo harum nulla minus ad. Dignissimos dolore aliquid impedit.', 'Corporate Mining Coordinator', 98),
	(33, 'Repellat maxime odio sunt impedit ducimus eaque sit. Magni laboriosam voluptas doloribus. Suscipit sint accusamus explicabo perferendis quibusdam itaque laborum. Nesciunt accusamus sunt facere architecto quisquam. Sint molestias accusamus voluptatum iste expedita.', 'Construction Planner', 85),
	(34, 'Illo cum tempore. Aspernatur temporibus iusto quo beatae eius accusamus. Facere soluta neque temporibus. Explicabo a quidem aperiam quae. Nihil nesciunt suscipit voluptas magni.', 'Forward Administration Executive', 47),
	(35, 'Tempora facilis reiciendis eaque ab. Hic libero fugit tempore numquam maiores. Adipisci ratione mollitia doloribus autem autem laboriosam. Minus totam sunt.', 'Forward Analyst', 97),
	(36, 'Sint debitis labore deleniti quidem corporis doloribus ipsa. Et nostrum iusto magnam ut consequatur. Dolor ipsa voluptatum itaque adipisci repellendus iusto. Dolores dolore et mollitia voluptatem facilis accusamus ipsa.', 'Corporate Hospitality Assistant', 55),
	(37, 'Id quod rem rem quis praesentium. Iste quo facere maiores veniam porro nisi architecto. Sapiente fugit accusantium. Amet porro quia.', 'International Administration Facilitator', 14),
	(38, 'Sit expedita sequi ullam sapiente. Ullam debitis officia vel. Velit enim unde delectus quia totam eos. Eveniet natus adipisci eaque voluptate dicta.', 'Accounting Coordinator', 50),
	(39, 'Vitae est quam harum qui. Expedita sint dolores harum veritatis. Dicta aut repellat aut similique ullam. Est doloribus quidem.', 'Regional Representative', 17),
	(40, 'Minus qui blanditiis unde amet. Iste qui ipsa nisi in nisi. Illo alias at ipsa pariatur.', 'Human Manager', 82),
	(41, 'Rem quidem iste ex iste mollitia distinctio. Dolore iusto error ducimus quos rem. Distinctio doloremque vitae ipsam illum distinctio non. Optio excepturi dolorem.', 'Consulting Architect', 23),
	(42, 'Nesciunt dolorum velit harum officia. Et accusamus culpa neque facilis nostrum. Ratione deserunt quod quod. Quae aliquid reprehenderit temporibus dolores asperiores ipsam. Totam maxime quasi.', 'Internal Accounting Officer', 86),
	(43, 'Minima hic eum dicta consectetur maxime incidunt. Repellat est consectetur accusantium ratione nulla minus. Voluptatem rerum debitis illum eos.', 'Dynamic Engineer', 43),
	(44, 'Dolore expedita voluptatum repellendus dolorem culpa asperiores. Vero repellat mollitia. Quaerat dicta quod. Maxime cupiditate est quasi beatae doloremque voluptatem quod.', 'Direct Construction Technician', 68),
	(45, 'Vero saepe aliquam incidunt. Architecto error accusamus quas numquam. Quis provident vitae aliquam autem facilis. A quidem sed. Ipsum deleniti fuga possimus praesentium eum vero adipisci.', 'Healthcare Facilitator', 15),
	(46, 'Autem nesciunt illo laudantium qui sapiente. Officiis iste aliquam reiciendis. Consectetur quasi aspernatur.', 'Manufacturing Assistant', 6),
	(47, 'Soluta assumenda veritatis neque illum. Rerum dolore autem officiis nostrum veritatis ipsam. Eum ipsa eius laboriosam possimus. Earum quaerat accusantium aspernatur doloribus facilis similique hic. Repellendus maiores officia corporis facere.', 'Real-Estate Assistant', 59),
	(48, 'Eum corporis laborum. Deserunt eveniet a ea. Quibusdam distinctio dicta.', 'International Engineer', 37),
	(49, 'Debitis animi fugiat. Aspernatur quo temporibus tempore reprehenderit minima. Culpa reiciendis laboriosam laborum inventore vero ducimus laboriosam.', 'Senior Facilitator', 24),
	(50, 'Cum ab voluptates dolorum cumque commodi consequuntur. Cumque maiores quis eos. Perferendis fuga fugit labore aut enim natus eos.', 'Customer Design Associate', 34),
	(51, 'Asperiores sunt ut voluptatibus perspiciatis. Nobis et iste repudiandae sit accusamus. Nostrum qui error aperiam deleniti voluptate. Consequatur odit delectus itaque quia. Animi placeat libero optio provident numquam iusto autem.', 'District Retail Designer', 36),
	(52, 'Ipsa rem alias neque ducimus. Ab ratione porro et voluptatibus eos itaque. Nobis consequatur possimus fugiat exercitationem dolores quis distinctio. Architecto iusto vel numquam reiciendis suscipit temporibus eum.', 'Real-Estate Technician', 39),
	(53, 'Magni nemo nobis laboriosam placeat magni mollitia. Temporibus assumenda quam aliquid sequi porro. Similique cupiditate optio cupiditate quae libero. Ipsa odio a itaque ut eos minus quam. Dolorum ullam impedit.', 'Marketing Liaison', 77),
	(54, 'Soluta doloribus consequuntur praesentium quae sequi. Harum delectus ipsam a accusamus. Doloribus soluta doloremque quisquam provident iusto. Incidunt corporis animi accusantium.', 'Principal Real-Estate Agent', 43),
	(55, 'Saepe non nobis aut praesentium assumenda occaecati. Nam cum architecto illo optio magnam doloremque veniam. Ullam non nesciunt dolorem deserunt expedita. Voluptas dolores nulla. Nostrum enim deleniti distinctio.', 'Construction Agent', 62),
	(56, 'Odio quidem quam ex eos eligendi voluptas. Nulla earum molestias voluptates voluptas quos corporis. Placeat a laboriosam quisquam a. Cumque fugiat nostrum quis sed accusantium ipsam. Nulla temporibus esse.', 'Senior Developer', 42),
	(57, 'Ut ipsam praesentium. Commodi autem in alias autem assumenda consequatur. Porro dignissimos nam praesentium.', 'Advertising Consultant', 35),
	(58, 'Quas neque optio. Quasi voluptas quod nostrum rerum. Ad illum quam. Id recusandae quo nemo tempore.', 'Government Engineer', 80),
	(59, 'Quas impedit aut culpa commodi aliquid. Aliquid dolorem libero vel similique odio repellat nihil. Est ab id nobis laborum. Iste voluptas rem suscipit. Laboriosam repellendus corporis voluptatem error.', 'Manufacturing Strategist', 51),
	(60, 'Culpa ipsa consequuntur. Illum nam labore ut. Beatae iure hic minima laudantium harum accusantium iusto. Cupiditate saepe alias tempore placeat ducimus nobis. Nemo consequatur ipsam iure sunt amet quidem ipsa.', 'Principal Construction Facilitator', 97),
	(61, 'Eveniet eius temporibus doloremque at amet voluptatibus provident. Delectus natus a exercitationem est minus. Explicabo accusantium minima natus soluta officiis maxime perferendis. Accusantium est ea officia ipsa natus exercitationem. Beatae modi atque dignissimos distinctio asperiores.', 'IT Planner', 20),
	(62, 'Nihil recusandae dolorum dicta expedita dolorum maiores. Repellendus reiciendis mollitia cumque iure. Necessitatibus deleniti blanditiis incidunt laboriosam ducimus hic.', 'Senior Community-Services Facilitator', 40),
	(63, 'Quo fugit dolores beatae possimus dolores nulla. Optio eveniet suscipit maxime qui recusandae laboriosam. Voluptatem itaque deleniti perspiciatis vel amet repellendus.', 'Global Sales Liaison', 99),
	(64, 'Ad non dolores similique. Suscipit sapiente reprehenderit fugiat. Consequuntur velit alias. Delectus unde eos laborum voluptatum.', 'International Hospitality Engineer', 67),
	(65, 'Nisi recusandae modi dolore. Minus dignissimos quod perspiciatis est ipsam minus vitae. Distinctio aspernatur ratione rerum suscipit atque.', 'Direct Hospitality Coordinator', 84),
	(66, 'Maxime rerum quibusdam laboriosam culpa esse tenetur. Quos modi eos rem facilis sed. Similique est officia consequuntur magnam nihil. Inventore ad explicabo explicabo tempora quis cupiditate.', 'Internal Banking Planner', 68),
	(67, 'Molestiae ipsam explicabo maiores nisi incidunt natus quia. Asperiores consequatur eum. Dolore repellat facilis voluptatum veniam provident molestiae. Odit ullam libero quisquam minus dolores.', 'Mining Technician', 77),
	(68, 'Nihil ipsam soluta hic. Vel dolor nemo voluptas ducimus sint incidunt. Adipisci qui voluptas sit et veniam. Nostrum nihil asperiores in delectus aliquid libero.', 'Administration Engineer', 19),
	(69, 'Perspiciatis repudiandae fugit perspiciatis. Molestias quaerat mollitia non omnis molestias ipsum nam. Nam minus corporis minus officiis repudiandae alias.', 'Real-Estate Specialist', 75),
	(70, 'Ipsa vitae voluptatem. Doloremque labore nulla delectus non rem maxime vero. Dignissimos doloremque aliquid officiis cum. Eius veniam recusandae enim consequuntur error. Est ipsum reprehenderit.', 'Design Assistant', 34),
	(71, 'Dolores possimus veritatis cumque incidunt quasi. Eligendi recusandae occaecati unde maiores laudantium a. Enim quae laborum. Esse dignissimos voluptatibus architecto dolore repellat.', 'International Associate', 30),
	(72, 'Corporis reprehenderit quisquam voluptates occaecati. Provident pariatur deleniti maiores dolores natus labore. Rem laborum quos consectetur distinctio eligendi.', 'International Retail Agent', 22),
	(73, 'Iste suscipit quis veritatis sequi eligendi distinctio. Quia dignissimos eius impedit quidem consectetur. Sint vel atque ut. Maiores provident modi reiciendis ea amet.', 'Banking Administrator', 96),
	(74, 'Sequi iure doloremque. Nobis laborum nihil laudantium enim fugit dolorum. Temporibus accusamus officia. Corrupti natus suscipit. Dicta itaque hic beatae.', 'Accounting Director', 63),
	(75, 'Temporibus voluptatem sed cupiditate. Id est quo corporis nobis impedit sapiente. Ipsam incidunt libero iste necessitatibus officia ipsum. Voluptatibus assumenda maiores blanditiis sunt. Veritatis aliquid fugiat.', 'Senior Marketing Technician', 19),
	(76, 'Illum eligendi illum eligendi magni cupiditate tempore. Explicabo tempore porro. Expedita officia cumque dicta a eveniet. Similique molestiae nemo.', 'Principal Accounting Analyst', 6),
	(77, 'Expedita minus temporibus. Perferendis in molestias laboriosam. In nesciunt iste unde quidem enim autem. Illo itaque alias tempora. Quod laudantium velit sit.', 'Investor Orchestrator', 7),
	(78, 'Qui quidem reprehenderit. Odit pariatur unde quia commodi veritatis error molestias. Cum molestias dolorum. Vel magni laborum accusantium impedit.', 'Legal Administrator', 82),
	(79, 'Quas nostrum nostrum exercitationem vel. Saepe doloribus accusantium. Ut iusto quia quas. Quae delectus rerum totam tempore doloribus totam.', 'Corporate Consulting Planner', 95),
	(80, 'Et corporis perferendis quisquam nostrum repudiandae. Voluptates accusantium rem quidem perferendis eos corporis. Modi iusto voluptate quibusdam.', 'Legacy Manufacturing Consultant', 65),
	(81, 'Inventore nobis sapiente sequi explicabo illo. Aspernatur cupiditate at totam iste. Aut porro quam eaque. Eos blanditiis accusamus aperiam.', 'Direct Planner', 26),
	(82, 'In vitae corporis doloremque. Ab saepe culpa officiis totam exercitationem. Commodi eaque quidem quas voluptas.', 'Manufacturing Agent', 82),
	(83, 'Nostrum eveniet provident veniam facere minima consequatur blanditiis. Quasi temporibus occaecati ipsa eius possimus officiis. Ea maiores beatae.', 'Chief Banking Developer', 34),
	(84, 'Reprehenderit sunt maiores exercitationem explicabo nulla nulla. Suscipit repellendus nisi dolore maxime eveniet necessitatibus. Saepe similique fuga in excepturi alias.', 'Corporate Assistant', 56),
	(85, 'Cumque vero consequuntur provident nemo cumque. Minus laudantium dicta alias. Consequuntur similique commodi voluptatibus quo voluptates dolorem.', 'District Legal Associate', 95),
	(86, 'Corporis earum modi itaque. Quaerat veniam et repudiandae modi. Repellat quo ullam numquam nam fuga. Dicta illum recusandae architecto adipisci.', 'Global Administrator', 2),
	(87, 'Unde cum nulla. Laboriosam autem molestiae pariatur impedit quibusdam. Nostrum aliquid asperiores.', 'Product Banking Developer', 27),
	(88, 'Sunt voluptatibus quis necessitatibus. Commodi voluptatem qui mollitia commodi at. Dignissimos qui labore voluptates eligendi reiciendis illum quasi.', 'Administration Consultant', 82),
	(89, 'Molestias nisi quidem sapiente perspiciatis similique iste quidem. Cumque et ad iure. Quisquam ut vitae. Quod sunt sint ut.', 'Principal Real-Estate Designer', 94),
	(90, 'Dicta aspernatur nesciunt laborum fugiat accusamus voluptate at. Eligendi beatae repellat quisquam veritatis. Consequuntur numquam repudiandae suscipit.', 'Accounting Manager', 17),
	(91, 'Eum nobis quam similique iste. Et perspiciatis consequatur rerum ipsum. Voluptatibus libero iure iusto. Suscipit aperiam excepturi odio odio hic eos vitae. Repellendus molestias ad.', 'Legacy Retail Designer', 1),
	(92, 'Voluptatum ut reprehenderit ab. Ipsum facilis totam error harum quis alias possimus. Repellendus fugit officia.', 'Hospitality Supervisor', 61),
	(93, 'Repudiandae reprehenderit impedit eaque. Officia quam asperiores. Labore tempora alias minus. Magni vero amet sunt culpa. Corrupti excepturi dicta.', 'Investor Liaison', 35),
	(94, 'Et facilis sint. Ab id atque pariatur in tempora. Dolore consectetur tenetur. Earum culpa nulla consequatur id aliquid omnis. Ipsum cumque ducimus libero voluptas aut.', 'International Advertising Associate', 13),
	(95, 'Tempora necessitatibus consequuntur veritatis incidunt numquam accusamus. Nostrum necessitatibus aliquam libero. Nesciunt eligendi voluptatibus modi voluptatibus voluptatum architecto. Voluptatibus unde accusamus quo nesciunt nemo nulla. Natus adipisci cum.', 'Manufacturing Orchestrator', 93),
	(96, 'Enim odit ipsam cum maiores aperiam. Vero atque amet iusto dicta. Esse nam neque repellendus voluptate officiis laborum. Perspiciatis voluptatem voluptatum nulla quibusdam neque reprehenderit quod.', 'Lead Advertising Agent', 35),
	(97, 'Ipsum rerum molestias suscipit ea. Doloremque repudiandae laborum tempora nobis aut fugit eum. Officia dolorem iusto.', 'Construction Producer', 34),
	(98, 'Repudiandae quidem assumenda aliquam. Officiis illum odio dolore dolore saepe quam repellendus. Maiores aperiam necessitatibus ut id maxime. Fugit nihil deserunt odio atque sit atque.', 'Technology Agent', 13),
	(99, 'Repellendus fugiat voluptates. Perspiciatis quasi natus. Distinctio qui quae debitis repudiandae animi necessitatibus inventore. Omnis temporibus delectus delectus repellendus soluta vitae. Nulla expedita fugit fugiat veniam minima architecto.', 'Design Designer', 15),
	(100, 'Aspernatur suscipit quos est saepe. Nulla unde animi aliquam expedita. Magnam facere veritatis dignissimos.', 'Consulting Coordinator', 10);

-- Dumping structure for table works.job_skill
CREATE TABLE IF NOT EXISTS `job_skill` (
  `more_infos` varchar(1000) DEFAULT NULL,
  `skill_level` enum('ADVANCED','BEGINER','IMTERMEDIATE','MASTER','PROFESSIONAL') NOT NULL,
  `job_id` bigint(20) NOT NULL,
  `skill_id` bigint(20) NOT NULL,
  PRIMARY KEY (`job_id`,`skill_id`),
  KEY `FKj33qbbf3vk1lvhqpcosnh54u1` (`skill_id`),
  CONSTRAINT `FK9ix4wg520ii2gu2felxdhdup6` FOREIGN KEY (`job_id`) REFERENCES `job` (`job_id`),
  CONSTRAINT `FKj33qbbf3vk1lvhqpcosnh54u1` FOREIGN KEY (`skill_id`) REFERENCES `skill` (`skill_id`)
) ENGINE=InnoDB DEFAULT CHARSET=latin1 COLLATE=latin1_swedish_ci;

-- Dumping data for table works.job_skill: ~188 rows (approximately)
REPLACE INTO `job_skill` (`more_infos`, `skill_level`, `job_id`, `skill_id`) VALUES
	('Neque ea earum incidunt sit sapiente quibusdam ullam.', 'PROFESSIONAL', 1, 30),
	('Voluptates harum sit cupiditate.', 'BEGINER', 2, 8),
	('Aut accusamus hic cumque ratione odit porro voluptas.', 'IMTERMEDIATE', 2, 12),
	('Amet facilis deserunt placeat tempora unde similique.', 'ADVANCED', 2, 14),
	('Quos eius expedita voluptatem accusantium nemo dolor.', 'ADVANCED', 3, 31),
	('Optio provident veniam quis qui.', 'ADVANCED', 4, 12),
	('Nesciunt architecto nihil.', 'BEGINER', 4, 32),
	('Iure expedita facilis excepturi quae.', 'ADVANCED', 5, 21),
	('Dicta blanditiis asperiores nesciunt.', 'BEGINER', 6, 18),
	('Expedita alias harum officia atque.', 'PROFESSIONAL', 6, 34),
	('Voluptatibus neque eveniet dolor perferendis.', 'MASTER', 7, 29),
	('Accusamus hic quo aliquam illo inventore.', 'ADVANCED', 7, 41),
	('A repellat culpa cumque labore.', 'IMTERMEDIATE', 7, 46),
	('Inventore labore eligendi tenetur nemo iusto aspernatur officia.', 'ADVANCED', 8, 38),
	('Pariatur ut consequuntur tenetur dolorum.', 'ADVANCED', 9, 21),
	('Eum tempore ipsam veniam.', 'ADVANCED', 10, 15),
	('In ipsam consectetur molestias et voluptatem quam ipsam.', 'BEGINER', 10, 28),
	('Ipsa dolorem sint fugiat ipsam repellat consectetur expedita.', 'ADVANCED', 10, 36),
	('Iure neque veniam provident aliquid ea minus.', 'MASTER', 11, 20),
	('Impedit sapiente accusamus perspiciatis repellendus nam error.', 'ADVANCED', 11, 45),
	('Voluptates ab voluptates.', 'MASTER', 12, 14),
	('Nobis similique eligendi.', 'ADVANCED', 12, 15),
	('Maxime soluta vero neque incidunt dolorem.', 'ADVANCED', 13, 41),
	('Consectetur sunt molestias ullam explicabo.', 'MASTER', 13, 46),
	('Sit sint veniam incidunt a.', 'PROFESSIONAL', 14, 10),
	('Libero fugiat distinctio blanditiis atque commodi accusamus.', 'BEGINER', 15, 6),
	('Eaque accusantium aut qui in ullam vel vitae.', 'PROFESSIONAL', 15, 36),
	('Explicabo sapiente fugiat quae nesciunt fugit magnam.', 'MASTER', 16, 9),
	('Quod quo id tempora inventore odio repudiandae aut.', 'ADVANCED', 17, 4),
	('Libero accusantium sit iusto perferendis.', 'MASTER', 17, 20),
	('Vel provident in sapiente quod quo totam earum.', 'IMTERMEDIATE', 17, 26),
	('Quis aspernatur officiis repellat aspernatur.', 'IMTERMEDIATE', 18, 26),
	('Adipisci asperiores odit totam.', 'PROFESSIONAL', 18, 46),
	('Voluptate impedit vero facere dicta debitis.', 'IMTERMEDIATE', 19, 44),
	('Aliquid perspiciatis molestiae sint nam veniam.', 'MASTER', 19, 50),
	('Quae laborum delectus ex hic culpa quibusdam.', 'PROFESSIONAL', 20, 1),
	('Consectetur blanditiis voluptates accusantium eum.', 'PROFESSIONAL', 21, 5),
	('Animi accusantium ipsum voluptatem eveniet.', 'BEGINER', 21, 25),
	('Omnis quos perspiciatis quod quae consequuntur.', 'MASTER', 22, 11),
	('Consectetur consequuntur distinctio omnis quos nostrum debitis.', 'BEGINER', 22, 30),
	('Perspiciatis assumenda unde corrupti dicta corrupti.', 'ADVANCED', 22, 50),
	('Numquam ratione occaecati eius vero laudantium corporis.', 'MASTER', 23, 36),
	('Error blanditiis facere quidem corporis.', 'PROFESSIONAL', 24, 48),
	('Fugit expedita earum.', 'PROFESSIONAL', 25, 1),
	('Distinctio vitae accusamus doloremque.', 'MASTER', 25, 28),
	('Doloribus nulla quam exercitationem incidunt.', 'MASTER', 26, 39),
	('Optio aliquid quo deleniti hic velit illum.', 'BEGINER', 27, 24),
	('Fugit officia quam exercitationem assumenda.', 'BEGINER', 28, 12),
	('Modi in ipsum iusto assumenda soluta.', 'ADVANCED', 28, 21),
	('Ex harum sapiente impedit ipsa quod repellat.', 'IMTERMEDIATE', 28, 37),
	('Placeat dicta error.', 'BEGINER', 29, 6),
	('Dolore delectus dolore consequatur cupiditate dolor minus pariatur.', 'PROFESSIONAL', 29, 28),
	('Quaerat repellendus velit repellat quia.', 'BEGINER', 30, 43),
	('Cumque quas esse nam placeat architecto deserunt iure.', 'ADVANCED', 30, 49),
	('Vel ipsam dignissimos harum enim.', 'IMTERMEDIATE', 31, 18),
	('Quod nisi non doloribus accusantium ipsum ipsam.', 'ADVANCED', 31, 23),
	('Consectetur autem voluptate numquam.', 'MASTER', 32, 5),
	('Consequatur ut architecto quam debitis inventore eveniet.', 'IMTERMEDIATE', 32, 46),
	('Accusantium repudiandae voluptate animi magnam inventore repudiandae labore.', 'ADVANCED', 33, 5),
	('Exercitationem quis aspernatur.', 'BEGINER', 34, 38),
	('Tempora a consequatur placeat nulla.', 'ADVANCED', 35, 36),
	('Distinctio alias deserunt nisi quos deserunt.', 'BEGINER', 36, 11),
	('Ab qui corrupti at tempora.', 'BEGINER', 36, 19),
	('Amet nostrum necessitatibus totam eius earum.', 'MASTER', 37, 25),
	('Suscipit corporis eius excepturi eius officia voluptatibus.', 'ADVANCED', 37, 35),
	('Amet consectetur incidunt ex rerum tenetur odio consequuntur.', 'MASTER', 37, 41),
	('Earum possimus rem blanditiis maiores veritatis quia.', 'PROFESSIONAL', 38, 20),
	('Minus accusantium incidunt nesciunt natus dignissimos itaque saepe.', 'MASTER', 38, 48),
	('Sit deleniti consectetur voluptatibus molestiae.', 'PROFESSIONAL', 39, 38),
	('Minima voluptate facere culpa quibusdam possimus.', 'IMTERMEDIATE', 40, 37),
	('Quisquam deserunt saepe natus.', 'IMTERMEDIATE', 40, 41),
	('Repellat dicta accusamus sed veritatis.', 'IMTERMEDIATE', 40, 46),
	('Possimus vero quisquam molestias expedita.', 'IMTERMEDIATE', 41, 10),
	('Corrupti eligendi corporis eligendi exercitationem.', 'BEGINER', 41, 28),
	('Necessitatibus voluptatibus quod accusamus.', 'ADVANCED', 42, 31),
	('Aliquam numquam odio repudiandae commodi.', 'MASTER', 43, 21),
	('Voluptatum soluta asperiores modi consectetur ea iure.', 'BEGINER', 43, 29),
	('Quia possimus nisi provident.', 'BEGINER', 43, 46),
	('Cum necessitatibus dolore doloremque aliquid.', 'MASTER', 44, 32),
	('Sequi quisquam harum.', 'IMTERMEDIATE', 44, 35),
	('Sunt a veritatis.', 'BEGINER', 44, 40),
	('Eveniet maiores dolorum inventore.', 'MASTER', 45, 14),
	('Rerum consectetur nulla doloribus incidunt repellendus.', 'BEGINER', 45, 45),
	('Rem corporis ipsum laudantium recusandae expedita occaecati consequuntur.', 'BEGINER', 46, 33),
	('Nihil porro molestias.', 'IMTERMEDIATE', 46, 40),
	('Eaque asperiores architecto asperiores.', 'MASTER', 46, 46),
	('Nobis aspernatur nam.', 'ADVANCED', 47, 4),
	('Nam tempora quaerat totam impedit.', 'ADVANCED', 47, 38),
	('Nisi nobis a magnam enim perspiciatis.', 'IMTERMEDIATE', 48, 46),
	('Quod consequatur nihil voluptates aspernatur provident suscipit dolor.', 'PROFESSIONAL', 49, 1),
	('Ullam magni voluptates nisi aliquam tempora harum natus.', 'PROFESSIONAL', 49, 13),
	('Aperiam fugiat quos ab nostrum voluptatibus praesentium voluptatum.', 'IMTERMEDIATE', 50, 14),
	('Modi neque eveniet commodi.', 'IMTERMEDIATE', 50, 43),
	('Distinctio sunt molestias quaerat sit nobis.', 'IMTERMEDIATE', 51, 15),
	('Accusamus voluptas expedita numquam.', 'IMTERMEDIATE', 51, 17),
	('Ab iusto aspernatur.', 'MASTER', 51, 44),
	('Excepturi reiciendis incidunt eius.', 'IMTERMEDIATE', 52, 4),
	('Voluptates ullam ipsa quas explicabo non officia.', 'MASTER', 52, 27),
	('Quos fugiat corrupti ullam.', 'MASTER', 53, 10),
	('Fugiat magnam fuga exercitationem reiciendis id assumenda quo.', 'ADVANCED', 53, 15),
	('Sapiente nam totam fugit ab eos aspernatur.', 'IMTERMEDIATE', 53, 49),
	('Deserunt aspernatur cumque reiciendis facilis sint.', 'PROFESSIONAL', 54, 23),
	('Inventore ipsam magni necessitatibus eveniet ipsam.', 'MASTER', 55, 25),
	('Repellat voluptas dicta fugit.', 'PROFESSIONAL', 56, 24),
	('Minus dolore deleniti vero quisquam fugit voluptate impedit.', 'PROFESSIONAL', 56, 43),
	('Saepe pariatur aperiam expedita explicabo sunt.', 'ADVANCED', 57, 31),
	('Neque quisquam inventore consectetur provident eius.', 'ADVANCED', 58, 15),
	('Mollitia quas vitae vel.', 'IMTERMEDIATE', 59, 37),
	('Totam maxime expedita at aspernatur fugit.', 'PROFESSIONAL', 60, 17),
	('Id eos libero eaque.', 'PROFESSIONAL', 61, 31),
	('Optio molestiae iusto.', 'PROFESSIONAL', 62, 15),
	('Cumque distinctio dolores temporibus temporibus repellat maxime odio.', 'IMTERMEDIATE', 62, 32),
	('Vel provident ipsam dignissimos nemo inventore est.', 'ADVANCED', 63, 19),
	('Quibusdam similique pariatur reprehenderit tenetur magnam.', 'PROFESSIONAL', 63, 29),
	('Aliquam reprehenderit nulla est.', 'MASTER', 64, 23),
	('Nesciunt quas praesentium eaque.', 'IMTERMEDIATE', 64, 29),
	('Minima explicabo vero provident neque optio ipsam rerum.', 'ADVANCED', 64, 48),
	('Magnam possimus modi est.', 'ADVANCED', 65, 13),
	('Quam illum perspiciatis optio quaerat cupiditate sint unde.', 'MASTER', 65, 36),
	('Unde accusamus architecto expedita.', 'MASTER', 66, 7),
	('Debitis libero nemo rerum.', 'PROFESSIONAL', 66, 39),
	('Nihil dolor consequuntur ut cumque.', 'ADVANCED', 67, 29),
	('Eligendi voluptate quisquam.', 'IMTERMEDIATE', 67, 46),
	('Placeat nostrum voluptatibus.', 'BEGINER', 68, 31),
	('Unde illo optio.', 'BEGINER', 69, 29),
	('Quas ab numquam.', 'PROFESSIONAL', 70, 35),
	('Ducimus impedit ducimus sint iure tempora unde.', 'MASTER', 70, 48),
	('Velit exercitationem inventore blanditiis voluptatum tenetur porro.', 'PROFESSIONAL', 71, 29),
	('Blanditiis nostrum fuga voluptate quis nam fugit.', 'MASTER', 71, 45),
	('Fugit animi labore tenetur dicta.', 'IMTERMEDIATE', 72, 7),
	('A nihil ab fugiat voluptate similique.', 'BEGINER', 72, 10),
	('Labore consectetur nesciunt earum a.', 'BEGINER', 72, 42),
	('Eligendi modi sequi sint.', 'ADVANCED', 73, 24),
	('Atque eius deserunt et expedita explicabo.', 'MASTER', 73, 38),
	('Quidem porro rerum magnam est dolore fugit fuga.', 'BEGINER', 74, 29),
	('Laudantium voluptates sed dolore ducimus laudantium voluptatibus.', 'ADVANCED', 74, 47),
	('Aliquam voluptate dolores doloremque.', 'BEGINER', 75, 6),
	('Culpa eaque libero atque iste expedita nulla.', 'ADVANCED', 75, 19),
	('Aliquid voluptates blanditiis commodi at vero reprehenderit.', 'ADVANCED', 75, 22),
	('Laudantium occaecati voluptate omnis.', 'PROFESSIONAL', 76, 27),
	('Quod numquam saepe.', 'IMTERMEDIATE', 77, 20),
	('Eum velit nulla cum impedit accusantium magni.', 'BEGINER', 77, 21),
	('Non veritatis blanditiis odit numquam.', 'ADVANCED', 78, 36),
	('Nobis possimus quo vero accusamus officia a voluptatibus.', 'BEGINER', 78, 50),
	('Excepturi error cupiditate autem unde totam vitae.', 'MASTER', 79, 5),
	('Maxime explicabo nulla.', 'IMTERMEDIATE', 79, 34),
	('Illum ullam necessitatibus vero tempore eum repellendus accusantium.', 'ADVANCED', 80, 16),
	('Molestiae dignissimos ratione hic.', 'MASTER', 80, 32),
	('Dolore laboriosam sequi rerum corrupti.', 'BEGINER', 80, 37),
	('Aliquid reprehenderit est.', 'ADVANCED', 81, 17),
	('Nostrum voluptate eveniet amet officiis adipisci corporis repellendus.', 'ADVANCED', 81, 40),
	('Assumenda ab consequatur fugiat iusto.', 'BEGINER', 82, 15),
	('Repellendus inventore aliquid.', 'ADVANCED', 82, 19),
	('Ad dolor quidem.', 'IMTERMEDIATE', 82, 42),
	('Voluptatum aliquam aspernatur.', 'MASTER', 83, 25),
	('Aliquid tempore aliquam.', 'BEGINER', 83, 41),
	('Eius accusantium doloremque.', 'BEGINER', 84, 39),
	('Velit itaque animi explicabo.', 'PROFESSIONAL', 84, 42),
	('Recusandae quis similique recusandae saepe.', 'IMTERMEDIATE', 84, 49),
	('Aspernatur esse vitae est sapiente.', 'PROFESSIONAL', 85, 5),
	('Minus aut dolore nihil saepe culpa ut in.', 'IMTERMEDIATE', 85, 7),
	('Sunt ipsum iste beatae.', 'MASTER', 85, 29),
	('Exercitationem debitis dignissimos cupiditate.', 'PROFESSIONAL', 86, 29),
	('Fuga alias voluptate nihil exercitationem.', 'BEGINER', 87, 6),
	('Vero quis numquam quia asperiores quo eveniet aperiam.', 'IMTERMEDIATE', 87, 45),
	('Perspiciatis nobis ex itaque non odio.', 'PROFESSIONAL', 88, 34),
	('Laborum quibusdam qui asperiores ad recusandae nisi.', 'BEGINER', 89, 21),
	('Nisi cum dignissimos praesentium quo aspernatur consequatur.', 'MASTER', 90, 2),
	('Dicta nam molestiae sed dolorem quo repellendus et.', 'IMTERMEDIATE', 90, 20),
	('Quibusdam dolor esse maxime temporibus dolorem ea.', 'PROFESSIONAL', 90, 23),
	('Laboriosam quam voluptatem modi ducimus aperiam.', 'PROFESSIONAL', 91, 10),
	('Dignissimos ipsum sapiente excepturi magni repellat cupiditate.', 'ADVANCED', 91, 23),
	('Pariatur facere architecto voluptatibus iure quam.', 'BEGINER', 91, 26),
	('Suscipit dignissimos officia.', 'BEGINER', 92, 42),
	('Facere maiores ex.', 'IMTERMEDIATE', 93, 1),
	('Sit expedita dolorum.', 'MASTER', 93, 18),
	('Qui blanditiis at alias.', 'ADVANCED', 94, 28),
	('Repudiandae aspernatur asperiores facere fugiat.', 'PROFESSIONAL', 94, 40),
	('Possimus deleniti aliquam consequatur beatae deserunt amet cum.', 'PROFESSIONAL', 94, 50),
	('Harum dolor at cum.', 'BEGINER', 95, 23),
	('Sunt ducimus optio expedita inventore vel ea consequuntur.', 'PROFESSIONAL', 95, 41),
	('Nam inventore veritatis voluptate quo assumenda nisi laboriosam.', 'PROFESSIONAL', 96, 37),
	('Aliquid quas ex.', 'MASTER', 97, 31),
	('Laborum minus odit maiores possimus.', 'BEGINER', 98, 6),
	('Mollitia mollitia cumque animi itaque quo eaque.', 'MASTER', 98, 38),
	('Officia unde a rem adipisci corporis.', 'BEGINER', 99, 34),
	('Suscipit praesentium ab consequatur in dignissimos cupiditate.', 'IMTERMEDIATE', 100, 9),
	('Laboriosam illum iure voluptatem in minus quisquam facere.', 'ADVANCED', 100, 22);

-- Dumping structure for table works.skill
CREATE TABLE IF NOT EXISTS `skill` (
  `skill_id` bigint(20) NOT NULL AUTO_INCREMENT,
  `skill_description` varchar(255) DEFAULT NULL,
  `skill_name` varchar(255) DEFAULT NULL,
  `type` enum('SOFT_SKILL','TECHNICAL_SKILL','UNSPECIFIC') DEFAULT NULL,
  PRIMARY KEY (`skill_id`)
) ENGINE=InnoDB AUTO_INCREMENT=51 DEFAULT CHARSET=latin1 COLLATE=latin1_swedish_ci;

-- Dumping data for table works.skill: ~50 rows (approximately)
REPLACE INTO `skill` (`skill_id`, `skill_description`, `skill_name`, `type`) VALUES
	(1, 'Porro vel error quos delectus iure.', 'Fast learner', 'SOFT_SKILL'),
	(2, 'Magni repudiandae molestias.', 'Fast learner', 'UNSPECIFIC'),
	(3, 'Quia doloribus consectetur ad laudantium laborum.', 'Proactive', 'TECHNICAL_SKILL'),
	(4, 'Architecto repellendus fuga eligendi provident maxime cum voluptatibus.', 'Self-motivated', 'SOFT_SKILL'),
	(5, 'Labore ducimus quaerat dolore officiis enim.', 'Teamwork', 'SOFT_SKILL'),
	(6, 'Alias illum explicabo aperiam perspiciatis nobis eaque dolore.', 'Work under pressure', 'SOFT_SKILL'),
	(7, 'Officia nisi tempora sed.', 'Teamwork', 'UNSPECIFIC'),
	(8, 'Facilis molestiae fuga odit laudantium aut rem porro.', 'Problem solving', 'TECHNICAL_SKILL'),
	(9, 'Amet accusantium ex tempore nam ea exercitationem in.', 'Confidence', 'UNSPECIFIC'),
	(10, 'Voluptatem aliquam ab nihil quas illo laudantium.', 'Communication', 'SOFT_SKILL'),
	(11, 'Totam consequuntur doloribus officia.', 'Work under pressure', 'SOFT_SKILL'),
	(12, 'Error fuga repellendus doloremque.', 'Leadership', 'SOFT_SKILL'),
	(13, 'Officia consequuntur fugit.', 'Communication', 'TECHNICAL_SKILL'),
	(14, 'Maxime adipisci quasi optio.', 'Work under pressure', 'SOFT_SKILL'),
	(15, 'Tempore suscipit incidunt nostrum modi.', 'Communication', 'SOFT_SKILL'),
	(16, 'Ab consequuntur eos laudantium occaecati numquam incidunt animi.', 'Organisation', 'TECHNICAL_SKILL'),
	(17, 'Veritatis nulla laborum ea cupiditate officia veritatis.', 'Networking skills', 'TECHNICAL_SKILL'),
	(18, 'Veritatis sunt quae fugiat alias voluptatibus consequatur.', 'Leadership', 'UNSPECIFIC'),
	(19, 'Repellendus numquam ipsam itaque quae atque excepturi.', 'Leadership', 'TECHNICAL_SKILL'),
	(20, 'Consectetur nemo deleniti.', 'Work under pressure', 'UNSPECIFIC'),
	(21, 'Id voluptatibus porro minima odit exercitationem amet.', 'Leadership', 'TECHNICAL_SKILL'),
	(22, 'In totam totam veniam quaerat dolores sunt.', 'Networking skills', 'UNSPECIFIC'),
	(23, 'Esse officia soluta maxime inventore dicta ipsum.', 'Technical savvy', 'UNSPECIFIC'),
	(24, 'Ducimus nostrum nesciunt accusantium ad.', 'Organisation', 'UNSPECIFIC'),
	(25, 'Cum officiis quos.', 'Problem solving', 'SOFT_SKILL'),
	(26, 'Aliquid eaque quos dicta consequuntur sapiente eius.', 'Confidence', 'SOFT_SKILL'),
	(27, 'Autem molestiae saepe sed corporis eligendi quos.', 'Confidence', 'TECHNICAL_SKILL'),
	(28, 'Est adipisci fugit rem eligendi.', 'Work under pressure', 'UNSPECIFIC'),
	(29, 'Non perferendis quisquam nobis totam.', 'Fast learner', 'TECHNICAL_SKILL'),
	(30, 'Animi voluptates dignissimos ea vero minus laborum dolorem.', 'Technical savvy', 'TECHNICAL_SKILL'),
	(31, 'Modi repellat consequuntur eos.', 'Technical savvy', 'UNSPECIFIC'),
	(32, 'Exercitationem nihil fugit.', 'Fast learner', 'SOFT_SKILL'),
	(33, 'Architecto quisquam accusamus sit fuga.', 'Fast learner', 'SOFT_SKILL'),
	(34, 'Magnam rem id quaerat molestiae suscipit error.', 'Teamwork', 'TECHNICAL_SKILL'),
	(35, 'Nihil sapiente voluptatem autem aut repudiandae quasi.', 'Teamwork', 'UNSPECIFIC'),
	(36, 'Nisi ab unde ipsa.', 'Fast learner', 'SOFT_SKILL'),
	(37, 'Eligendi possimus laboriosam accusantium rem odio dolores suscipit.', 'Technical savvy', 'TECHNICAL_SKILL'),
	(38, 'Possimus sed aperiam alias aperiam alias quidem.', 'Organisation', 'UNSPECIFIC'),
	(39, 'Sunt aut harum perspiciatis minima voluptatem iste.', 'Leadership', 'SOFT_SKILL'),
	(40, 'Modi expedita reiciendis perferendis tenetur.', 'Technical savvy', 'UNSPECIFIC'),
	(41, 'Blanditiis eos quam laborum hic illo.', 'Confidence', 'SOFT_SKILL'),
	(42, 'Sed aut eos deserunt odit enim aliquam.', 'Networking skills', 'TECHNICAL_SKILL'),
	(43, 'Iusto dignissimos voluptatum facere.', 'Proactive', 'SOFT_SKILL'),
	(44, 'Impedit sed quibusdam.', 'Technical savvy', 'TECHNICAL_SKILL'),
	(45, 'Quia ipsam consequuntur asperiores distinctio.', 'Self-motivated', 'UNSPECIFIC'),
	(46, 'Culpa enim suscipit.', 'Leadership', 'SOFT_SKILL'),
	(47, 'Ipsa repellendus repellat dolores voluptate.', 'Teamwork', 'SOFT_SKILL'),
	(48, 'Ducimus perspiciatis quo fugit.', 'Organisation', 'SOFT_SKILL'),
	(49, 'Ut praesentium distinctio rerum laboriosam.', 'Problem solving', 'UNSPECIFIC'),
	(50, 'Est quaerat amet natus officia.', 'Problem solving', 'UNSPECIFIC');

-- Dumping structure for table works.spring_session
CREATE TABLE IF NOT EXISTS `spring_session` (
  `PRIMARY_ID` char(36) NOT NULL,
  `SESSION_ID` char(36) NOT NULL,
  `CREATION_TIME` bigint(20) NOT NULL,
  `LAST_ACCESS_TIME` bigint(20) NOT NULL,
  `MAX_INACTIVE_INTERVAL` int(11) NOT NULL,
  `EXPIRY_TIME` bigint(20) NOT NULL,
  `PRINCIPAL_NAME` varchar(100) DEFAULT NULL,
  PRIMARY KEY (`PRIMARY_ID`),
  UNIQUE KEY `SPRING_SESSION_IX1` (`SESSION_ID`),
  KEY `SPRING_SESSION_IX2` (`EXPIRY_TIME`),
  KEY `SPRING_SESSION_IX3` (`PRINCIPAL_NAME`)
) ENGINE=InnoDB DEFAULT CHARSET=latin1 COLLATE=latin1_swedish_ci ROW_FORMAT=DYNAMIC;

-- Dumping data for table works.spring_session: ~0 rows (approximately)

-- Dumping structure for table works.spring_session_attributes
CREATE TABLE IF NOT EXISTS `spring_session_attributes` (
  `SESSION_PRIMARY_ID` char(36) NOT NULL,
  `ATTRIBUTE_NAME` varchar(200) NOT NULL,
  `ATTRIBUTE_BYTES` blob NOT NULL,
  PRIMARY KEY (`SESSION_PRIMARY_ID`,`ATTRIBUTE_NAME`),
  CONSTRAINT `SPRING_SESSION_ATTRIBUTES_FK` FOREIGN KEY (`SESSION_PRIMARY_ID`) REFERENCES `spring_session` (`PRIMARY_ID`) ON DELETE CASCADE
) ENGINE=InnoDB DEFAULT CHARSET=latin1 COLLATE=latin1_swedish_ci ROW_FORMAT=DYNAMIC;

-- Dumping data for table works.spring_session_attributes: ~0 rows (approximately)

/*!40103 SET TIME_ZONE=IFNULL(@OLD_TIME_ZONE, 'system') */;
/*!40101 SET SQL_MODE=IFNULL(@OLD_SQL_MODE, '') */;
/*!40014 SET FOREIGN_KEY_CHECKS=IFNULL(@OLD_FOREIGN_KEY_CHECKS, 1) */;
/*!40101 SET CHARACTER_SET_CLIENT=@OLD_CHARACTER_SET_CLIENT */;
/*!40111 SET SQL_NOTES=IFNULL(@OLD_SQL_NOTES, 1) */;
